Unnamed: 0,New Provider Name,Assessment and plan for trauma,Assessment and plan for pain,Pt is at baseline No GDR,Attempted GDR,Failed GDR,Unstable requiring no med changes,Pt Unstable Requiring Med Changes,Ordered labs,Total Psych Meds Started,Total Psych Meds Discontinued,Total Psych Meds Increased,Total Pysch Meds Decreased,Changed diagnosis,Referred patient to,Initiated prior authorization,Summary of session and goals,Decision making,Total Difference In Psych Meds,Initiated Baker Act,Initiated 1 1 sitter,Removed 1 1 sitter
,Provider-0,10,0,0,0,0,0,0,0,0,0,0,0,0,1,0,280,0,0,0,0,0
,Provider-1,4,0,0,0,0,0,0,0,0,0,0,0,0,0,0,147,0,0,0,0,0
,Provider-2,105,0,0,0,0,0,0,0,0,0,0,0,0,0,0,231,0,0,0,0,0
,Provider-3,20,0,0,0,0,0,0,0,0,0,0,0,0,0,0,300,0,0,0,0,0
,Provider-4,1,0,0,0,0,0,0,0,0,0,0,0,0,0,0,1,0,0,0,0,0
,Provider-5,12,0,0,0,0,0,0,0,0,0,0,0,0,0,0,247,0,0,0,0,0
,Provider-6,56,57,200,15,2,14,29,4,9,52,19,1,8,6,0,0,0,43,0,0,1
,Provider-7,53,54,246,22,3,45,69,4,39,31,34,18,4,0,0,0,5,-8,0,0,2
,Provider-8,87,87,123,1,0,26,79,10,62,11,24,8,4,22,0,0,0,-51,0,2,1
,Provider-9,76,77,25,1,0,21,31,11,18,23,15,8,2,13,0,0,0,5,0,1,1
,Provider-10,20,21,93,4,0,31,26,9,7,15,13,7,0,1,0,0,1,8,0,0,0
,Provider-11,42,42,185,45,0,91,152,34,86,67,75,56,53,22,0,0,0,-19,0,0,1
,Provider-12,41,0,0,0,0,0,0,0,0,0,0,0,0,0,0,178,0,0,0,0,0
,Provider-13,51,51,204,7,1,28,75,12,37,24,37,10,11,0,0,0,0,-13,0,0,0
,Provider-14,13,0,0,0,0,0,0,0,0,0,0,0,0,0,0,183,0,0,3,1,0
,Provider-15,92,91,56,16,1,26,30,5,16,25,13,17,4,2,0,0,0,9,2,1,1
,Provider-16,26,0,0,0,0,0,0,0,0,0,0,0,0,0,0,56,0,0,0,0,0
,Provider-17,65,65,181,19,0,12,58,2,87,69,0,0,19,4,0,0,6,-18,0,1,0
,Provider-18,62,62,299,4,0,10,73,25,40,40,49,0,5,80,0,0,0,0,0,0,2
,Provider-19,15,15,158,23,0,4,39,2,14,25,36,33,13,0,0,0,2,11,0,0,0
,Provider-20,38,38,211,11,0,29,97,18,63,48,43,25,11,3,0,0,0,-15,0,0,0
,Provider-21,2,7,4449,22,0,89,74,69,34,93,50,70,113,9,1,0,0,59,0,0,0
,Provider-22,33,34,407,1,0,51,68,13,17,11,45,9,4,1,0,0,0,-6,1,0,0
,Provider-23,44,44,232,57,1,11,78,18,38,48,44,58,18,11,1,0,0,10,0,1,1
,Provider-24,14,14,80,10,1,20,44,2,33,31,24,12,21,3,0,0,9,-2,1,0,0
,Provider-25,124,126,128,19,1,83,84,18,28,47,54,27,4,13,0,0,0,19,0,0,0
,Provider-26,52,52,170,19,0,28,81,6,61,62,40,19,16,2,0,0,0,1,0,0,0
,Provider-27,72,72,149,4,0,5,20,4,6,5,14,4,0,0,0,0,1,-1,0,0,0
,Provider-28,37,0,0,0,0,0,0,0,0,0,0,0,0,0,0,244,0,0,0,0,0
,Provider-29,95,96,237,17,0,6,77,1,61,27,16,22,1,0,0,0,7,-34,0,0,0
,Provider-30,26,0,0,0,0,0,0,0,0,0,0,0,0,0,0,299,0,0,0,0,0
,Provider-31,37,37,87,22,2,12,34,3,16,20,14,18,3,2,0,0,19,4,0,0,0
,Provider-32,6,0,0,0,0,0,0,0,0,0,0,0,0,0,0,7,0,0,0,0,0
,Provider-33,47,47,39,2,0,2,5,0,4,3,2,1,0,0,0,0,0,-1,0,0,0
,Provider-34,59,0,0,0,0,0,0,0,0,0,0,0,0,0,0,260,0,0,0,0,0
,Provider-35,76,77,155,4,0,39,119,21,75,36,48,16,19,5,0,0,1,-39,0,1,2
,Provider-36,9,0,0,0,0,0,0,0,0,0,0,0,0,0,0,415,0,0,0,0,3
,Provider-37,28,0,0,0,0,0,0,0,0,0,0,0,0,0,0,308,0,0,0,0,0
,Provider-38,8,0,0,0,0,0,0,0,0,0,0,0,0,0,0,134,0,0,0,0,0
,Provider-39,55,65,224,31,1,127,85,12,51,41,46,51,35,7,0,0,0,-10,0,0,0
,Provider-40,20,20,162,33,0,22,42,4,27,29,18,26,2,0,0,0,23,2,0,0,0
,Provider-41,37,35,273,11,0,21,36,5,18,24,11,10,11,1,0,0,1,6,1,0,0
,Provider-42,19,19,68,10,2,16,32,3,17,17,11,10,9,15,1,0,1,0,0,0,5
,Provider-43,73,74,95,40,0,20,102,10,50,52,69,55,21,3,0,0,9,2,0,0,0
,Provider-44,1,0,0,0,0,0,0,0,0,0,0,0,0,0,0,13,0,0,0,0,0
,Provider-45,162,149,401,10,0,18,97,13,76,32,33,19,3,1,0,0,0,-44,0,4,2
,Provider-46,31,0,0,0,0,0,0,0,0,0,0,0,0,2,0,214,0,0,1,0,0
,Provider-47,55,55,351,6,2,15,54,6,23,46,33,14,49,1,0,0,0,23,0,0,1
,Provider-48,30,0,0,0,0,0,0,0,0,0,0,0,0,0,0,253,0,0,0,0,0
,Provider-49,7,0,0,0,0,0,0,0,0,0,0,0,0,0,0,33,0,0,0,0,0
,Provider-50,50,51,202,62,2,9,103,13,62,62,53,57,7,0,0,0,12,0,0,0,0
,Provider-51,45,0,0,0,0,0,0,0,0,0,0,0,0,0,0,139,0,0,0,0,0
,Provider-52,145,147,264,8,1,78,72,1,48,65,24,12,15,12,1,0,0,17,0,0,1
,Provider-53,32,32,176,31,0,6,94,16,56,58,56,39,18,1,1,0,4,2,0,0,0
,Provider-54,26,26,57,13,5,6,33,14,23,28,34,24,6,0,0,0,0,5,0,1,3
,Provider-55,36,36,210,9,0,1,143,7,108,68,105,12,1,1,0,0,0,-40,0,0,0
,Provider-56,352,351,287,32,4,10,117,19,71,80,56,38,1,7,3,0,0,9,0,0,1
,Provider-57,33,0,0,0,0,0,0,0,0,0,0,0,0,0,0,160,0,0,0,0,0
,Provider-58,48,49,224,35,0,37,111,24,68,53,65,71,21,11,1,0,0,-15,0,0,3
,Provider-59,54,54,159,7,0,25,78,12,44,52,41,35,86,8,0,0,0,8,0,0,0
,Provider-60,303,0,0,0,0,0,0,0,0,0,0,0,3,1,0,303,0,0,0,0,0
,Provider-61,100,102,231,23,0,93,92,10,58,50,40,20,12,12,1,0,0,-8,0,0,0
,Provider-62,57,58,233,20,0,15,117,12,69,41,65,54,46,0,1,0,12,-28,0,0,0
,Provider-63,65,65,212,18,0,56,70,9,39,23,31,23,3,7,1,0,0,-16,0,0,0
,Provider-64,202,0,0,0,0,0,0,0,0,0,0,0,2,1,0,202,0,0,0,0,0
,Provider-65,43,42,134,6,1,17,50,12,34,17,24,6,0,13,1,0,1,-17,0,1,2
,Provider-66,50,0,0,0,0,0,0,0,0,0,0,0,0,0,0,191,0,0,0,0,0
,Provider-67,100,101,259,25,0,99,118,28,57,43,62,37,13,65,0,0,0,-14,0,1,2
,Provider-68,32,32,161,7,1,13,29,15,19,10,9,18,1,2,0,0,0,-9,0,0,0
,Provider-69,74,75,301,7,3,23,51,4,31,25,25,11,9,2,0,0,1,-6,0,0,0
,Provider-70,59,59,283,9,3,10,92,20,43,40,50,15,27,1,0,0,0,-3,0,0,1
,Provider-71,80,72,284,26,1,62,69,17,41,52,41,20,35,1,1,0,0,11,2,1,1
,Provider-72,46,50,210,12,1,22,130,19,73,33,73,10,14,0,0,0,0,-40,0,0,2
,Provider-73,30,0,0,0,0,0,0,0,0,0,0,0,0,0,0,130,0,0,0,0,0
,Provider-74,55,64,198,13,4,15,97,4,61,63,71,19,11,13,2,0,0,2,0,2,2
,Provider-75,19,0,0,0,0,0,0,0,0,0,0,0,0,0,0,187,0,0,0,0,0
,Provider-76,57,57,220,8,1,16,55,7,41,35,28,12,14,4,3,0,3,-6,0,0,0
,Provider-77,51,52,186,42,1,116,106,18,50,62,73,36,29,11,0,0,0,12,7,1,0
,Provider-78,27,28,24,1,0,10,7,2,4,9,4,3,5,1,0,0,0,5,0,0,0
,Provider-79,49,49,200,39,2,19,111,33,68,57,67,33,29,1,0,0,0,-11,0,0,0
,Provider-80,2,0,0,0,0,0,0,0,0,0,0,0,0,0,0,3,0,0,0,0,0
,Provider-81,231,0,0,0,0,0,0,0,0,0,0,0,29,45,0,231,0,0,7,7,7
,Provider-82,50,0,0,0,0,0,0,0,0,0,0,0,0,1,0,169,0,0,0,0,0
,Provider-83,49,0,0,0,0,0,0,0,0,0,0,0,0,0,0,244,0,0,0,0,0
,Provider-84,27,26,208,12,1,36,88,24,29,15,55,22,9,8,1,0,0,-14,1,1,1
,Provider-85,31,0,0,0,0,0,0,0,0,0,0,0,0,0,0,242,0,0,0,0,0
,Provider-86,24,0,0,0,0,0,0,0,0,0,0,0,0,0,0,197,0,0,0,0,0
,Provider-87,258,211,32,2,4,204,62,27,37,30,41,38,30,245,3,0,0,-7,2,7,1
,Provider-88,118,0,0,0,0,0,0,0,0,0,0,0,0,0,0,132,0,0,0,0,0
,Provider-89,14,15,22,3,0,3,19,1,9,7,10,3,4,1,1,0,0,-2,1,0,0
,Provider-90,36,36,104,2,0,3,10,1,8,9,5,2,13,2,0,0,0,1,0,0,0
,Provider-91,30,31,190,1,0,29,39,15,22,11,21,2,5,11,0,0,1,-11,0,1,1
,Provider-92,89,91,73,3,0,5,35,5,21,4,19,1,1,21,0,0,3,-17,0,0,0
,Provider-93,92,92,220,16,0,7,24,11,27,15,23,24,6,0,0,0,7,-12,0,0,0
,Provider-94,66,68,178,29,2,40,140,15,74,74,61,60,2,31,1,0,0,0,0,0,4
,Provider-95,62,62,297,23,0,50,121,33,34,45,76,28,10,16,0,0,0,11,1,1,2
,Provider-96,36,36,275,22,2,12,94,3,42,53,65,54,7,1,0,0,0,11,0,0,0
,Provider-97,24,0,0,0,0,0,0,0,0,0,0,0,0,0,0,164,0,0,0,0,0
,Provider-98,29,0,0,0,0,0,0,0,0,0,0,0,0,0,0,153,0,0,0,0,0
,Provider-99,86,96,226,28,0,64,136,29,52,63,57,56,26,10,0,0,0,11,0,0,1
,Provider-100,5822,4099,16228,1080,56,2133,4603,824,2636,2406,2460,1519,1013,1013,25,6650,129,-230,30,36,58
,Provider-0,8,0,0,0,0,0,0,0,0,0,0,0,0,0,0,292,0,0,0,0,0
,Provider-1,6,0,0,0,0,0,0,0,0,0,0,0,0,0,0,93,0,0,0,0,0
,Provider-2,137,0,0,0,0,0,0,0,0,0,0,0,0,0,0,230,0,0,0,0,0
,Provider-3,55,0,0,0,0,0,0,0,0,0,0,0,0,0,0,319,0,0,0,0,0
,Provider-4,35,0,0,0,0,0,0,0,0,0,0,0,13,6,0,35,0,0,1,2,2
,Provider-5,2,0,0,0,0,0,0,0,0,0,0,0,0,0,0,140,0,0,0,0,0
,Provider-6,23,26,77,7,1,12,11,0,4,13,7,3,3,7,0,0,0,9,0,0,0
,Provider-7,53,53,197,20,0,27,88,13,54,30,41,35,7,0,0,0,6,-24,0,0,0
,Provider-8,64,64,97,4,0,17,71,6,48,15,30,4,1,17,0,0,0,-33,0,5,1
,Provider-9,50,51,118,4,0,27,21,2,6,17,23,4,28,12,0,0,0,11,0,1,1
,Provider-101,2,0,0,0,0,0,0,0,0,0,0,0,0,0,0,11,0,0,0,0,1
,Provider-11,40,41,194,30,1,67,186,54,95,68,91,52,96,25,3,0,1,-27,0,0,0
,Provider-12,27,0,0,0,0,0,0,0,0,0,0,0,0,0,0,169,0,0,0,0,0
,Provider-13,62,66,270,5,0,29,97,18,55,27,43,6,25,0,0,0,0,-28,0,0,0
,Provider-14,25,0,0,0,0,0,0,0,0,0,0,0,0,0,0,247,0,0,0,0,0
,Provider-15,63,62,79,24,0,21,28,7,23,30,9,16,2,1,0,0,0,7,3,0,0
,Provider-16,24,0,0,0,0,0,0,0,0,0,0,0,0,0,0,64,0,0,0,0,1
,Provider-17,114,116,170,23,0,21,103,2,75,60,35,18,22,5,0,0,7,-15,0,0,1
,Provider-18,54,54,220,6,0,6,54,25,32,29,36,4,2,77,0,0,0,-3,0,0,0
,Provider-19,27,28,244,26,1,10,94,2,44,49,66,25,8,0,0,0,13,5,0,0,0
,Provider-20,25,25,145,6,0,24,57,14,37,36,23,33,8,5,1,0,0,-1,0,0,0
,Provider-21,30,34,5064,27,0,111,104,72,64,158,68,92,181,18,3,0,0,94,0,0,0
,Provider-22,35,35,455,0,0,60,60,11,24,11,35,6,4,0,0,0,0,-13,2,0,1
,Provider-23,70,70,190,46,0,8,70,10,35,35,45,37,9,8,1,0,4,0,0,1,0
,Provider-24,19,18,113,32,0,36,95,2,40,65,55,35,28,3,0,0,10,25,0,0,1
,Provider-25,114,115,136,36,2,85,76,15,22,54,45,38,3,10,0,0,0,32,0,1,0
,Provider-26,65,65,214,13,0,16,66,9,54,56,21,21,15,3,1,0,0,2,0,0,2
,Provider-27,99,98,152,3,1,21,42,1,22,6,23,7,3,0,0,0,0,-16,0,2,2
,Provider-28,34,0,0,0,0,0,0,0,0,0,0,0,0,0,0,226,0,0,0,0,0
,Provider-29,64,64,233,22,0,6,50,2,47,24,8,22,0,0,0,0,0,-23,0,0,0
,Provider-102,38,0,0,0,0,0,0,0,0,0,0,0,0,0,0,96,0,0,0,0,0
,Provider-30,31,0,0,0,0,0,0,0,0,0,0,0,1,0,0,278,0,0,1,0,0
,Provider-31,70,71,154,23,1,20,79,6,51,28,36,43,8,2,0,0,4,-23,0,0,0
,Provider-32,25,0,0,0,0,0,0,0,0,0,0,0,0,0,0,74,0,0,0,0,0
,Provider-33,48,47,41,1,0,3,7,2,3,3,5,1,0,0,0,0,0,0,0,0,0
,Provider-103,0,0,0,0,0,0,0,0,0,0,0,0,0,0,0,2,0,0,0,0,0
,Provider-34,51,0,0,0,0,0,0,0,0,0,0,0,0,0,0,240,0,0,0,0,0
,Provider-35,53,53,176,23,0,41,97,14,68,31,39,18,14,2,0,0,0,-37,0,0,0
,Provider-36,9,0,0,0,0,0,0,0,0,0,0,0,0,0,0,312,0,0,0,0,0
,Provider-37,41,0,0,0,0,0,0,0,0,0,0,0,0,0,0,349,0,0,0,0,0
,Provider-38,16,0,0,0,0,0,0,0,0,0,0,0,0,0,0,169,0,0,0,0,0
,Provider-39,74,74,243,26,3,119,95,33,66,49,50,30,45,7,1,0,0,-17,0,0,0
,Provider-40,47,48,147,41,0,22,48,1,22,41,26,30,2,0,1,0,6,19,0,0,0
,Provider-41,60,60,309,33,0,14,57,5,31,72,22,9,13,2,2,0,0,41,1,0,0
,Provider-43,81,81,110,27,0,33,120,9,68,54,67,52,31,9,0,0,8,-14,0,0,0
,Provider-104,140,0,0,0,0,0,0,0,0,0,0,0,0,1,0,182,0,0,0,0,0
,Provider-44,10,0,0,0,0,0,0,0,0,0,0,0,0,0,0,54,0,0,0,0,0
,Provider-105,41,41,61,1,1,8,30,3,19,14,11,4,5,1,0,0,1,-5,0,0,0
,Provider-45,146,135,314,17,0,31,89,9,84,47,45,24,2,6,1,0,0,-37,1,1,1
,Provider-46,35,0,0,0,0,0,0,0,0,0,0,0,0,5,0,204,0,0,0,0,0
,Provider-47,60,61,325,10,0,24,55,10,32,49,32,10,45,0,0,0,0,17,0,0,0
,Provider-48,19,0,0,0,0,0,0,0,0,0,0,0,0,0,0,169,0,0,0,0,0
,Provider-49,8,0,0,0,0,0,0,0,0,0,0,0,0,0,0,43,0,0,0,0,0
,Provider-50,62,62,197,85,0,19,90,19,38,100,55,51,7,1,1,0,13,62,0,0,2
,Provider-51,19,0,0,0,0,0,0,0,0,0,0,0,0,0,0,84,0,0,0,0,0
,Provider-52,198,221,410,38,0,114,89,10,63,106,34,18,21,17,0,0,0,43,0,0,6
,Provider-53,40,40,205,35,0,10,100,14,57,65,62,36,12,9,0,0,0,8,0,1,1
,Provider-54,26,26,48,18,3,15,35,2,21,26,19,25,4,0,0,0,0,5,0,0,1
,Provider-55,46,45,151,0,0,0,114,2,106,76,88,16,0,3,0,0,0,-30,0,0,1
,Provider-56,314,313,260,36,1,4,97,32,59,79,52,28,7,2,4,0,0,20,0,0,0
,Provider-57,7,0,0,0,0,0,0,0,0,0,0,0,0,0,0,183,0,0,0,0,0
,Provider-58,90,90,210,23,0,29,102,30,48,52,79,37,23,6,1,0,0,4,0,0,0
,Provider-59,63,64,283,21,0,38,75,8,50,53,28,35,77,8,0,0,0,3,0,0,1
,Provider-60,298,0,0,0,0,0,0,0,0,0,0,0,4,1,0,299,0,0,0,1,3
,Provider-61,40,40,106,14,0,29,32,7,32,28,19,14,2,0,0,0,0,-4,0,0,0
,Provider-62,101,101,111,88,0,23,150,4,72,57,99,77,33,0,1,0,0,-15,0,0,0
,Provider-63,65,65,180,25,4,52,94,11,72,17,27,39,3,2,0,0,0,-55,0,0,0
,Provider-65,62,61,169,8,0,21,52,6,30,12,38,11,10,24,0,0,2,-18,0,0,0
,Provider-66,26,0,0,0,0,0,0,0,0,0,0,0,0,0,0,225,0,0,0,0,0
,Provider-67,94,95,251,39,0,134,113,25,44,86,56,36,11,88,0,0,0,42,0,1,1
,Provider-68,13,13,62,1,0,2,8,3,5,2,3,3,1,3,0,0,4,-3,0,0,0
,Provider-69,57,60,263,22,1,22,64,5,41,49,34,18,6,3,1,0,0,8,0,0,0
,Provider-70,43,43,252,9,1,16,75,16,26,30,56,14,54,6,1,0,0,4,0,0,0
,Provider-71,67,64,295,27,0,40,63,7,41,77,48,18,41,0,2,0,0,36,0,0,0
,Provider-72,54,54,201,10,1,14,101,20,62,18,46,31,7,0,0,0,0,-44,0,0,0
,Provider-74,89,90,207,10,1,32,128,10,66,43,87,37,19,10,0,0,0,-23,0,3,4
,Provider-75,29,0,0,0,0,0,0,0,0,0,0,0,0,0,0,222,0,0,0,0,0
,Provider-76,55,55,206,19,0,18,44,14,34,36,21,18,7,4,0,0,0,2,0,0,0
,Provider-77,50,51,193,21,0,135,115,17,42,31,77,46,33,24,0,0,0,-11,2,0,0
,Provider-78,89,89,109,0,0,17,26,5,17,23,15,5,18,2,1,0,0,6,0,0,1
,Provider-79,36,36,201,26,0,9,75,8,42,41,45,19,30,0,0,0,0,-1,0,0,1
,Provider-80,14,1,0,0,0,0,0,0,0,0,0,0,0,0,0,105,0,0,0,0,0
,Provider-81,211,0,0,0,0,0,0,0,0,0,0,0,29,37,0,211,0,0,7,7,7
,Provider-82,52,0,0,0,0,0,0,0,0,0,0,0,0,0,0,163,0,0,0,0,0
,Provider-83,39,0,0,0,0,0,0,0,0,0,0,0,1,0,0,238,0,0,0,0,0
,Provider-84,20,21,154,20,1,37,70,20,21,23,43,35,13,9,3,0,0,2,2,0,0
,Provider-106,18,18,29,1,0,6,3,0,1,4,1,0,5,3,0,0,0,3,0,0,0
,Provider-85,24,0,0,0,0,0,0,0,0,0,0,0,0,0,0,203,0,0,0,0,0
,Provider-86,52,0,0,0,0,0,0,0,0,0,0,0,0,0,0,294,0,0,0,0,0
,Provider-87,261,227,71,7,4,149,67,44,51,96,40,36,24,177,3,0,0,45,2,13,0
,Provider-88,139,0,0,0,0,0,0,0,0,0,0,0,0,0,0,176,0,0,0,0,0
,Provider-89,12,12,16,1,0,3,22,12,12,17,8,3,5,0,1,0,0,5,0,0,0
,Provider-90,43,42,120,0,0,8,22,2,17,7,6,1,11,3,0,0,0,-10,0,1,0
,Provider-91,31,31,156,4,0,23,25,15,18,7,11,5,7,5,0,0,1,-11,0,0,0
,Provider-92,118,120,83,4,0,8,29,3,15,3,17,13,2,15,0,0,20,-12,0,0,0
,Provider-93,66,65,268,33,0,16,64,5,42,27,32,28,6,0,0,0,1,-15,0,0,1
,Provider-94,79,83,226,51,2,32,127,20,61,72,67,71,9,29,1,0,0,11,0,0,3
,Provider-95,54,57,289,20,0,34,102,15,54,52,39,20,14,7,1,0,0,-2,0,0,3
,Provider-96,30,30,219,18,1,15,98,4,65,38,49,38,13,1,0,0,0,-27,0,0,0
,Provider-107,5,0,0,0,0,0,0,0,0,0,0,0,1,0,0,5,0,0,0,0,0
,Provider-97,39,0,0,0,0,0,0,0,0,0,0,0,0,0,0,315,0,0,0,0,0
,Provider-98,27,0,0,0,0,0,0,0,0,0,0,0,0,0,0,135,0,0,0,0,0
,Provider-99,69,86,210,24,3,93,137,35,55,49,70,43,34,11,2,0,0,-6,0,0,2
,Provider-100,6065,4327,16659,1294,34,2136,4658,807,2705,2673,2508,1604,1228,1228,37,6856,101,-32,22,40,52
,Provider-0,8,0,0,0,0,0,0,0,0,0,0,0,0,0,0,307,0,0,0,0,0
,Provider-1,0,0,0,0,0,0,0,0,0,0,0,0,0,0,0,66,0,0,0,0,0
,Provider-2,91,0,0,0,0,0,0,0,0,0,0,0,0,0,0,253,0,0,0,0,0
,Provider-3,40,0,0,0,0,0,0,0,0,0,0,0,0,1,0,225,0,0,0,0,0
,Provider-4,181,0,0,0,0,0,0,0,0,0,0,0,74,25,0,181,0,0,5,8,12
,Provider-6,30,29,127,17,0,27,19,3,8,48,10,6,11,4,1,0,0,40,1,0,0
,Provider-7,53,53,246,17,2,33,71,10,37,39,29,22,6,0,0,0,1,2,0,0,0
,Provider-8,41,42,76,2,0,14,50,5,35,9,19,12,2,10,0,0,0,-26,0,2,0
,Provider-9,33,31,65,4,0,14,12,5,9,13,11,5,10,7,0,0,0,4,1,0,0
,Provider-101,4,0,0,0,0,0,0,0,0,0,0,0,0,1,0,35,0,0,0,0,0
,Provider-11,34,36,185,50,4,84,217,55,128,121,105,33,57,35,3,0,0,-7,1,0,3
,Provider-12,11,0,0,0,0,0,0,0,0,0,0,0,0,0,0,151,0,0,0,0,0
,Provider-13,55,53,272,12,0,34,79,13,47,34,35,12,22,0,0,0,3,-13,0,0,0
,Provider-14,30,0,0,0,0,0,0,0,0,0,0,0,0,0,0,290,0,0,5,0,0
,Provider-15,62,61,66,24,0,25,39,5,21,31,14,19,1,1,1,0,0,10,1,0,3
,Provider-16,34,0,0,0,0,0,0,0,0,0,0,0,0,0,0,63,0,0,0,0,0
,Provider-17,111,112,213,39,0,10,104,2,64,47,45,32,30,3,0,0,6,-17,0,1,1
,Provider-18,54,54,249,22,1,6,73,22,47,69,42,6,13,74,0,0,0,22,1,0,0
,Provider-19,29,29,278,35,0,12,80,7,39,44,52,49,7,0,1,0,30,5,0,0,0
,Provider-20,57,58,234,15,0,23,119,16,73,40,53,38,8,16,2,0,0,-33,0,1,0
,Provider-21,17,20,5822,13,0,74,36,55,14,77,23,59,192,10,0,0,0,63,0,2,0
,Provider-22,43,43,422,0,0,75,77,6,26,18,52,5,13,1,0,0,0,-8,3,0,0
,Provider-23,34,34,157,35,1,5,70,11,37,38,43,54,8,8,1,0,1,1,0,0,0
,Provider-24,24,24,156,58,2,43,131,0,69,73,77,37,25,4,0,0,2,4,0,0,0
,Provider-25,98,98,170,41,2,70,80,20,23,58,50,37,5,17,0,0,5,35,0,0,2
,Provider-26,49,49,193,36,0,18,111,10,66,90,59,52,15,3,1,0,0,24,0,0,1
,Provider-27,58,56,155,14,1,30,34,1,18,13,13,18,3,1,0,0,6,-5,0,0,2
,Provider-108,14,14,16,0,0,2,2,0,1,1,1,0,1,0,0,0,0,0,0,0,0
,Provider-28,23,0,0,0,0,0,0,0,0,0,0,0,0,0,0,254,0,0,0,0,0
,Provider-29,88,87,249,14,0,4,54,1,41,21,10,14,0,0,0,0,0,-20,0,0,0
,Provider-102,115,0,0,0,0,0,0,0,0,0,0,0,0,0,0,255,0,0,0,0,0
,Provider-30,40,0,0,0,0,0,0,0,0,0,0,0,0,0,0,298,0,0,0,0,0
,Provider-31,68,68,174,17,0,23,98,5,56,27,46,27,13,0,0,0,6,-29,0,0,0
,Provider-32,19,0,0,0,0,0,0,0,0,0,0,0,0,0,0,84,0,0,0,0,0
,Provider-33,30,30,26,0,0,1,5,0,2,1,3,0,0,0,0,0,0,-1,0,0,0
,Provider-103,24,0,0,0,0,0,0,0,0,0,0,0,0,0,0,75,0,0,0,0,0
,Provider-109,78,77,91,13,0,31,73,2,54,14,26,25,10,0,0,0,0,-40,0,0,0
,Provider-34,57,0,0,0,0,0,0,0,0,0,0,0,0,0,0,264,0,0,0,0,0
,Provider-35,54,53,166,20,2,31,100,24,61,37,49,27,9,0,0,0,2,-24,0,1,1
,Provider-36,2,0,0,0,0,0,0,0,0,0,0,0,0,0,0,406,0,0,0,0,0
,Provider-37,35,0,0,0,0,0,0,0,0,0,0,0,0,0,0,348,0,0,0,0,0
,Provider-38,8,0,0,0,0,0,0,0,0,0,0,0,0,0,0,173,0,0,0,0,0
,Provider-39,70,71,261,29,0,98,81,16,50,46,53,38,31,7,2,0,0,-4,1,0,3
,Provider-40,16,16,181,24,0,12,39,0,24,21,15,17,1,0,0,0,2,-3,0,0,0
,Provider-110,2,0,0,0,0,0,0,0,0,0,0,0,0,0,0,4,0,0,0,0,0
,Provider-41,64,65,345,27,2,32,45,3,27,40,15,13,19,11,2,0,0,13,2,1,0
,Provider-43,77,77,118,24,2,25,136,11,83,58,72,57,24,9,0,0,2,-25,0,0,0
,Provider-104,180,0,0,0,0,0,0,0,0,0,0,0,1,1,0,274,0,0,0,0,0
,Provider-44,2,0,0,0,0,0,0,0,0,0,0,0,0,0,0,20,0,0,0,0,0
,Provider-105,103,103,129,8,0,9,23,0,17,12,7,16,2,0,1,0,0,-5,0,0,0
,Provider-45,152,144,371,28,0,23,105,12,73,37,46,41,6,3,0,0,0,-36,2,3,5
,Provider-46,34,0,0,0,0,0,0,0,0,0,0,0,1,4,0,191,0,0,0,0,1
,Provider-47,42,42,378,7,1,19,79,10,42,50,39,16,44,0,0,0,0,8,0,0,1
,Provider-49,5,0,0,0,0,0,0,0,0,0,0,0,0,0,0,37,0,0,0,0,0
,Provider-50,41,41,266,104,0,33,79,26,41,94,47,97,7,0,0,0,15,53,0,0,0
,Provider-51,55,0,0,0,0,0,0,0,0,0,0,0,0,0,0,132,0,0,0,0,0
,Provider-52,157,177,406,55,0,109,88,11,72,160,41,23,29,21,0,0,0,88,0,1,6
,Provider-53,28,32,194,51,0,9,124,21,64,116,77,43,27,6,2,0,7,52,0,0,1
,Provider-54,21,21,58,7,0,5,43,8,25,15,24,21,8,0,0,0,0,-10,0,0,1
,Provider-111,16,0,0,0,0,0,0,0,0,0,0,0,0,0,0,30,0,0,0,0,0
,Provider-55,56,38,183,3,0,6,122,0,107,76,108,17,0,2,0,0,0,-31,0,0,0
,Provider-56,326,326,268,38,3,1,80,23,56,83,42,26,3,4,0,0,0,27,0,0,0
,Provider-57,7,0,0,0,0,0,0,0,0,0,0,0,0,0,0,207,0,0,0,0,0
,Provider-58,75,75,213,29,0,39,134,33,89,56,62,63,22,6,0,0,0,-33,0,0,0
,Provider-59,84,84,221,23,0,42,91,12,48,52,53,28,98,17,2,0,0,4,0,0,0
,Provider-60,287,0,0,0,0,0,0,0,0,0,0,0,9,0,0,287,0,0,0,1,1
,Provider-61,85,85,240,10,0,80,78,10,45,33,40,15,12,16,0,0,3,-12,0,0,0
,Provider-62,155,156,104,128,0,18,142,6,66,90,112,134,26,0,0,0,0,24,0,0,0
,Provider-63,84,83,195,13,3,58,114,7,74,20,41,26,4,10,6,0,2,-54,0,0,0
,Provider-65,45,44,183,6,0,15,45,6,26,15,20,12,6,13,0,0,1,-11,0,0,0
,Provider-66,4,0,0,0,0,0,0,0,0,0,0,0,0,0,0,211,0,0,0,0,0
,Provider-67,88,86,263,32,1,114,125,41,65,60,52,47,32,74,5,0,0,-5,0,0,1
,Provider-69,78,79,291,21,1,13,64,13,40,28,39,20,2,2,0,0,0,-12,0,0,0
,Provider-112,1,1,4,0,0,3,0,0,0,2,0,0,1,0,0,0,0,2,0,0,0
,Provider-70,36,37,311,10,0,14,93,12,38,29,66,11,40,4,1,0,0,-9,0,0,0
,Provider-71,47,44,259,33,0,20,57,19,38,32,43,22,20,0,1,0,0,-6,2,0,0
,Provider-72,46,46,209,15,0,18,107,18,60,22,54,34,11,0,1,0,0,-38,0,0,0
,Provider-74,82,83,274,18,5,35,112,12,71,37,49,53,15,10,4,0,0,-34,3,1,1
,Provider-75,23,0,0,0,0,0,0,0,0,0,0,0,0,0,0,165,0,0,0,0,0
,Provider-76,71,72,226,25,0,13,71,8,52,81,27,28,14,4,3,0,0,29,1,0,0
,Provider-77,65,65,224,42,7,116,137,23,52,52,94,46,35,39,0,0,0,0,5,0,0
,Provider-78,54,54,115,7,0,19,15,6,8,8,7,11,14,2,0,0,0,0,0,0,0
,Provider-79,78,78,204,12,3,23,115,22,73,31,63,11,32,4,0,0,0,-42,0,2,0
,Provider-80,4,0,0,0,0,0,0,0,0,0,0,0,0,0,0,93,0,0,0,0,0
,Provider-81,239,0,0,0,0,0,0,0,0,0,0,0,36,12,0,239,0,0,2,2,2
,Provider-82,47,0,0,0,0,0,0,0,0,0,0,0,0,3,0,157,0,0,0,0,0
,Provider-83,40,0,0,0,0,0,0,0,0,0,0,0,0,0,0,210,0,0,0,0,0
,Provider-84,45,44,155,14,1,32,99,11,29,23,62,29,14,11,1,0,0,-6,1,2,0
,Provider-106,52,55,171,0,0,18,42,6,34,14,14,7,4,4,0,0,0,-20,0,0,0
,Provider-85,24,0,0,0,0,0,0,0,0,0,0,0,0,0,0,212,0,0,1,0,0
,Provider-86,46,0,0,0,0,0,0,0,0,0,0,0,0,0,0,308,0,0,0,0,0
,Provider-87,224,191,46,12,5,217,106,53,68,77,51,22,22,183,4,0,0,9,4,11,1
,Provider-88,223,0,0,0,0,0,0,0,0,0,0,0,0,0,0,264,0,0,0,0,0
,Provider-90,31,31,111,0,0,2,17,0,11,6,6,2,1,2,0,0,0,-5,0,0,0
,Provider-91,77,77,186,14,1,42,56,42,49,29,23,27,23,11,2,0,0,-20,1,1,0
,Provider-113,12,12,56,2,1,6,3,0,3,4,1,1,0,0,0,0,0,1,0,0,0
,Provider-92,174,175,107,5,1,20,43,5,33,2,23,18,3,33,0,0,3,-31,0,1,0
,Provider-93,69,69,257,46,0,13,87,9,30,42,63,53,12,0,0,0,4,12,0,0,0
,Provider-94,60,62,221,76,5,30,142,15,64,75,82,75,7,22,1,0,0,11,0,0,0
,Provider-95,69,71,325,19,0,51,124,29,49,52,66,22,23,21,1,0,0,3,1,0,2
,Provider-96,23,23,222,16,2,14,96,0,43,24,65,47,7,0,0,0,0,-19,0,0,0
,Provider-107,80,0,0,0,0,0,0,0,0,0,0,0,1,1,0,80,0,0,0,0,0
,Provider-97,47,0,0,0,0,0,0,0,0,0,0,0,1,0,0,224,0,0,0,0,0
,Provider-98,18,0,0,0,0,0,0,0,0,0,0,0,0,0,0,140,0,0,0,0,0
,Provider-99,77,88,251,27,0,55,130,34,42,66,57,46,22,6,4,0,0,24,0,0,2
,Provider-100,6559,4434,18610,1558,59,2210,5223,871,2957,2833,2788,1924,1307,1307,53,7213,101,-124,44,41,53
,Provider-0,11,0,0,0,0,0,0,0,0,0,0,0,0,0,0,233,0,0,0,0,0
,Provider-2,71,0,0,0,0,0,0,0,0,0,0,0,0,0,0,191,0,0,0,0,0
,Provider-3,45,0,0,0,0,0,0,0,0,0,0,0,0,0,0,339,0,0,0,0,0
,Provider-4,205,0,0,0,0,0,0,0,0,0,0,0,81,40,0,206,0,0,8,9,14
,Provider-114,8,0,0,0,0,0,0,0,0,0,0,0,0,0,0,33,0,0,0,0,0
,Provider-6,64,63,271,29,1,29,41,8,18,85,25,7,21,8,0,0,1,67,2,0,1
,Provider-7,50,45,187,21,0,21,76,15,51,41,31,29,11,0,0,0,3,-10,0,0,0
,Provider-8,4,4,4,0,0,2,4,0,0,0,3,1,0,2,0,0,0,0,0,0,0
,Provider-9,32,27,40,3,0,12,11,2,9,5,1,1,5,5,0,0,0,-4,0,0,0
,Provider-11,39,38,170,65,3,54,190,50,92,141,108,37,36,30,1,0,0,49,0,1,2
,Provider-12,3,0,0,0,0,0,0,0,0,0,0,0,0,0,0,124,0,0,0,0,0
,Provider-13,56,52,236,7,0,58,75,15,41,20,34,10,13,0,0,0,12,-21,0,0,0
,Provider-14,64,0,0,0,0,0,0,0,0,0,0,0,0,0,0,234,0,0,2,0,0
,Provider-15,162,162,103,12,0,33,68,9,45,36,27,18,18,2,3,0,0,-9,1,0,0
,Provider-16,34,0,0,0,0,0,0,0,0,0,0,0,0,0,0,83,0,0,0,0,0
,Provider-115,63,0,0,0,0,0,0,0,0,0,0,0,1,2,0,63,0,0,0,0,0
,Provider-116,78,77,23,18,0,11,46,3,33,37,23,23,3,0,0,0,0,4,0,0,0
,Provider-17,97,96,190,45,0,10,82,2,45,54,38,37,16,0,0,0,5,9,0,0,0
,Provider-18,34,34,222,11,0,6,46,17,25,31,28,10,5,54,0,0,2,6,0,0,0
,Provider-19,17,17,237,47,1,6,70,2,39,66,39,69,27,3,0,0,1,27,1,0,0
,Provider-20,34,34,237,13,2,19,102,12,45,38,59,29,8,4,1,0,11,-7,0,0,0
,Provider-21,6,7,4562,41,0,43,71,37,42,124,58,95,165,4,2,0,0,82,0,1,0
,Provider-22,15,14,392,1,0,67,51,12,14,13,36,9,15,0,0,0,0,-1,0,0,0
,Provider-23,50,45,197,51,2,8,83,16,32,50,63,49,7,9,0,0,6,18,0,0,0
,Provider-24,10,12,184,74,2,42,133,4,59,74,90,51,36,1,1,0,14,15,1,1,1
,Provider-25,135,135,138,41,3,80,69,15,16,72,41,45,9,35,0,0,0,56,0,0,0
,Provider-26,37,31,197,67,1,40,127,11,58,61,69,51,49,16,0,0,15,3,0,0,0
,Provider-27,59,59,145,21,4,20,47,3,23,29,25,33,7,0,0,0,1,6,0,0,1
,Provider-108,36,35,77,0,0,16,19,5,14,1,4,1,5,3,0,0,0,-13,0,0,0
,Provider-28,19,0,0,0,0,0,0,0,0,0,0,0,0,0,0,199,0,0,0,0,0
,Provider-102,89,0,0,0,0,0,0,0,0,0,0,0,0,0,0,251,0,0,0,0,0
,Provider-30,43,0,0,0,0,0,0,0,0,0,0,0,0,0,0,244,0,0,0,0,0
,Provider-31,50,50,193,18,0,18,107,3,63,37,47,25,11,0,0,0,3,-26,0,0,0
,Provider-32,47,0,0,0,0,0,0,0,0,0,0,0,0,0,0,109,0,0,0,0,0
,Provider-33,34,33,30,2,1,1,4,0,2,0,1,0,0,1,0,0,0,-2,0,0,0
,Provider-103,19,0,0,0,0,0,0,0,0,0,0,0,0,0,0,101,0,0,0,0,0
,Provider-109,58,59,147,35,0,19,119,5,91,45,51,32,24,0,0,0,0,-46,1,0,0
,Provider-34,51,0,0,0,0,0,0,0,0,0,0,0,0,0,0,249,0,0,0,0,0
,Provider-35,64,68,160,7,0,36,82,18,52,29,38,11,5,3,0,0,10,-23,0,1,1
,Provider-36,1,0,0,0,0,0,0,0,0,0,0,0,0,0,0,414,0,0,0,0,0
,Provider-37,36,0,0,0,0,0,0,0,0,0,0,0,0,2,0,353,0,0,0,0,0
,Provider-38,10,0,0,0,0,0,0,0,0,0,0,0,0,0,0,168,0,0,0,0,0
,Provider-39,67,67,247,45,0,67,98,23,61,63,56,57,28,6,6,0,5,2,0,2,2
,Provider-40,19,18,145,8,0,6,22,3,12,12,11,3,0,0,0,0,1,0,0,0,0
,Provider-110,38,0,0,0,0,0,0,0,0,0,0,0,0,0,0,96,0,0,0,0,0
,Provider-41,21,21,80,0,0,7,14,0,10,5,5,0,5,2,0,0,0,-5,0,0,0
,Provider-43,69,69,122,19,2,23,132,10,71,70,66,61,25,11,0,0,13,-1,0,1,0
,Provider-104,121,0,0,0,0,0,0,0,0,0,0,0,0,1,0,283,0,0,0,0,0
,Provider-117,14,0,0,0,0,0,0,0,0,0,0,0,1,1,0,102,0,0,1,1,1
,Provider-44,2,0,0,0,0,0,0,0,0,0,0,0,1,0,0,43,0,0,0,0,0
,Provider-105,79,80,147,12,0,25,16,1,14,18,4,23,8,0,0,0,2,4,0,0,0
,Provider-45,98,98,273,10,0,17,79,2,60,44,36,22,2,2,0,0,5,-16,0,0,7
,Provider-46,44,0,0,0,0,0,0,0,0,0,0,0,0,1,0,223,0,0,0,0,0
,Provider-47,43,39,322,9,5,12,67,2,35,29,32,19,44,2,0,0,0,-6,0,0,0
,Provider-49,6,0,0,0,0,0,0,0,0,0,0,0,1,0,0,42,0,0,0,0,0
,Provider-50,55,51,217,110,3,27,59,17,26,98,42,76,12,0,0,0,8,72,0,0,0
,Provider-51,34,0,0,0,0,0,0,0,0,0,0,0,1,0,0,104,0,0,0,0,0
,Provider-52,142,153,391,23,2,123,91,7,60,99,25,18,28,21,1,0,0,39,1,1,4
,Provider-53,33,32,181,42,0,12,91,26,41,86,59,29,26,5,1,0,5,45,0,0,1
,Provider-54,29,28,62,7,1,9,47,1,29,35,28,26,13,0,1,0,18,6,0,0,2
,Provider-111,20,0,0,0,0,0,0,0,0,0,0,0,0,0,0,60,0,0,0,0,0
,Provider-55,428,47,0,0,0,0,0,1,104,66,106,19,3,1,0,0,0,-38,0,0,0
,Provider-56,413,413,332,36,6,8,96,20,78,75,46,38,10,2,1,0,0,-3,1,0,0
,Provider-57,0,0,0,0,0,0,0,0,0,0,0,0,0,0,0,197,0,0,0,0,0
,Provider-58,72,68,231,48,0,19,113,15,60,57,72,55,27,2,2,0,4,-3,0,0,0
,Provider-59,75,76,221,18,0,38,75,18,37,42,37,23,57,18,0,0,0,5,0,0,0
,Provider-60,153,0,0,0,0,0,0,0,0,0,0,0,1,1,0,153,0,0,0,1,2
,Provider-61,97,98,272,19,0,62,85,13,54,52,38,8,9,8,0,0,0,-2,0,0,0
,Provider-62,55,55,51,84,0,11,89,10,48,80,76,66,24,0,0,0,0,32,0,1,0
,Provider-63,60,60,104,5,0,33,94,4,70,14,25,15,0,2,0,0,1,-56,0,0,0
,Provider-65,42,42,149,10,1,6,43,8,30,22,17,11,8,14,0,0,3,-8,0,0,0
,Provider-66,19,0,0,0,0,0,0,0,0,0,0,0,1,0,0,216,0,0,0,0,0
,Provider-67,111,105,225,49,1,105,96,22,44,90,46,47,14,95,2,0,20,46,0,0,2
,Provider-69,66,67,260,17,0,13,42,3,28,30,18,19,8,2,1,0,0,2,0,0,0
,Provider-112,87,87,46,4,0,59,60,11,54,44,8,8,7,45,0,0,0,-10,0,0,0
,Provider-70,20,20,244,30,0,5,76,22,45,64,38,17,41,0,0,0,0,19,0,0,0
,Provider-71,48,44,244,39,0,31,44,20,32,51,40,30,13,0,0,0,0,19,0,0,2
,Provider-72,46,43,242,23,0,11,117,22,65,60,61,36,15,1,1,0,16,-5,1,0,0
,Provider-74,76,73,247,27,1,24,72,11,44,58,46,35,33,7,1,0,0,14,1,1,1
,Provider-75,19,0,0,0,0,0,0,0,0,0,0,0,0,0,0,215,0,0,0,0,0
,Provider-76,71,71,228,27,1,16,92,15,73,52,41,19,13,7,2,0,4,-21,0,0,0
,Provider-118,22,22,2,0,0,5,13,1,6,1,8,1,1,0,0,0,0,-5,1,0,0
,Provider-77,53,47,183,44,3,110,126,11,65,59,91,48,33,36,1,0,2,-6,5,0,0
,Provider-78,53,53,223,11,0,23,39,9,29,23,22,18,23,1,0,0,0,-6,0,0,0
,Provider-79,38,38,222,55,1,17,105,19,65,55,83,51,35,0,0,0,1,-10,1,0,2
,Provider-80,0,0,0,0,0,0,0,0,0,0,0,0,0,0,0,33,0,0,0,0,0
,Provider-81,234,0,0,0,0,0,0,0,0,0,0,0,33,8,0,234,0,0,0,0,0
,Provider-119,42,42,227,17,0,1,43,4,44,37,11,16,2,0,0,0,0,-7,0,0,0
,Provider-83,47,0,0,0,0,0,0,0,0,0,0,0,0,0,0,253,0,0,0,0,0
,Provider-84,64,60,195,33,0,38,102,18,34,30,87,41,14,10,1,0,5,-4,1,2,0
,Provider-106,54,54,171,9,0,23,53,6,29,15,26,14,7,5,1,0,0,-14,0,0,0
,Provider-120,2,0,0,0,0,0,0,0,0,0,0,0,0,0,0,200,0,0,0,0,0
,Provider-85,35,0,0,0,0,0,0,0,0,0,0,0,0,1,0,247,0,0,1,0,0
,Provider-121,21,0,0,0,0,0,0,0,0,0,0,0,0,0,0,45,0,0,0,0,0
,Provider-86,24,0,0,0,0,0,0,0,0,0,0,0,0,0,0,372,0,0,0,0,0
,Provider-87,137,112,38,18,6,125,95,30,42,93,48,39,32,122,3,0,0,51,7,9,4
,Provider-88,39,0,0,0,0,0,0,0,0,0,0,0,0,0,0,58,0,0,0,0,0
,Provider-89,30,30,12,5,1,2,22,6,14,13,11,7,8,1,2,0,0,-1,0,0,0
,Provider-90,35,35,109,0,0,3,11,0,8,3,3,1,3,0,0,0,0,-5,0,0,0
,Provider-91,39,39,158,4,0,39,59,25,45,21,17,9,11,7,1,0,4,-24,3,0,0
,Provider-113,27,22,179,3,1,18,29,7,15,19,14,6,6,1,4,0,1,4,0,0,0
,Provider-92,179,178,117,6,0,19,31,6,20,10,16,11,7,40,0,0,2,-10,0,1,0
,Provider-93,50,57,217,52,0,13,56,2,28,45,40,55,18,0,0,0,9,17,0,0,0
,Provider-94,57,57,231,71,3,21,114,16,48,69,66,76,8,19,1,0,0,21,0,0,0
,Provider-95,37,37,235,24,0,36,100,15,38,52,49,27,16,11,3,0,6,14,1,0,0
,Provider-96,47,41,230,31,3,13,113,2,48,32,71,56,17,3,0,0,18,-16,0,0,0
,Provider-107,101,0,0,0,0,0,0,0,0,0,0,0,1,1,0,101,0,0,0,0,0
,Provider-97,29,0,0,0,0,0,0,0,0,0,0,0,0,2,0,280,0,0,0,0,0
,Provider-98,3,0,0,0,0,0,0,0,0,0,0,0,0,0,0,99,0,0,0,0,0
,Provider-99,89,78,239,22,1,64,139,21,57,68,58,45,23,19,0,0,14,11,0,1,0
,Provider-100,6520,4224,16613,1755,62,1990,4883,769,2829,3150,2739,1974,1355,1355,44,7250,251,321,41,34,50
,Provider-0,12,0,0,0,0,0,0,0,0,0,0,0,0,0,0,262,0,0,0,0,0
,Provider-2,59,0,0,0,0,0,0,0,0,0,0,0,0,0,0,162,0,0,0,0,0
,Provider-3,36,0,0,0,0,0,0,0,0,0,0,0,0,0,0,369,0,0,0,0,0
,Provider-4,197,0,0,0,0,0,0,0,0,0,0,0,85,35,0,197,0,0,10,11,17
,Provider-114,27,0,0,0,0,0,0,0,0,0,0,0,0,0,0,111,0,0,0,0,0
,Provider-6,41,41,203,16,2,15,24,3,10,35,17,1,9,6,0,0,7,25,0,0,1
,Provider-7,103,103,224,26,1,28,90,20,69,59,21,35,13,0,0,0,4,-10,1,0,0
,Provider-9,77,77,146,5,0,43,24,6,15,18,8,7,10,11,0,0,1,3,0,0,0
,Provider-11,64,62,167,46,0,57,167,46,101,116,84,31,38,24,0,0,3,15,0,0,0
,Provider-12,28,0,0,0,0,0,0,0,0,0,0,0,0,0,0,135,0,0,0,0,0
,Provider-13,48,47,198,9,0,43,70,8,34,38,37,10,4,0,0,0,3,4,0,0,0
,Provider-14,82,0,0,0,0,0,0,0,0,0,0,0,0,0,0,243,0,0,3,0,0
,Provider-15,178,182,145,30,0,53,66,9,39,52,37,30,11,0,0,0,0,13,2,1,2
,Provider-16,26,0,0,0,0,0,0,0,0,0,0,0,0,0,0,65,0,0,0,0,0
,Provider-115,192,0,0,0,0,0,0,0,0,0,0,0,0,0,0,197,0,0,0,0,0
,Provider-116,61,61,148,62,0,8,110,9,55,72,81,44,23,0,0,0,0,17,0,0,0
,Provider-17,32,32,129,33,0,6,35,0,18,32,19,23,3,0,0,0,4,14,0,0,0
,Provider-18,43,42,229,9,0,8,44,14,29,18,28,4,5,49,0,0,7,-11,0,0,1
,Provider-122,0,0,1,0,0,0,0,0,0,0,0,0,0,0,0,0,0,0,0,0,0
,Provider-19,22,22,265,18,2,9,82,1,51,34,36,52,5,3,1,0,0,-17,0,0,0
,Provider-123,7,0,0,0,0,0,0,0,0,0,0,0,0,0,0,24,0,0,0,0,0
,Provider-20,37,34,237,11,1,24,88,7,39,29,54,21,2,11,0,0,28,-10,0,0,0
,Provider-21,1,4,4776,18,1,46,98,51,48,131,62,69,112,6,3,0,0,83,2,1,3
,Provider-22,29,28,483,0,0,65,62,5,26,17,32,7,20,0,0,0,0,-9,0,0,0
,Provider-23,34,31,160,70,2,4,70,19,27,55,54,62,8,10,0,0,7,28,0,1,1
,Provider-24,21,21,160,67,0,18,131,1,63,105,80,42,28,2,0,0,2,42,0,0,0
,Provider-25,149,149,177,47,3,62,82,5,25,87,56,25,5,25,0,0,0,62,0,0,0
,Provider-26,48,37,237,66,0,19,146,7,77,84,74,63,43,6,0,0,5,7,0,0,0
,Provider-27,73,73,192,21,1,9,45,4,27,41,22,22,1,1,0,0,3,14,0,4,3
,Provider-108,12,12,48,12,0,3,16,2,12,5,9,11,1,0,0,0,16,-7,0,0,0
,Provider-28,66,0,0,0,0,0,0,0,0,0,0,0,0,0,0,262,0,0,0,0,0
,Provider-102,75,0,0,0,0,0,0,0,0,0,0,0,0,0,0,268,0,0,0,0,0
,Provider-30,45,0,0,0,0,0,0,0,0,0,0,0,0,0,0,307,0,0,1,0,0
,Provider-31,76,76,216,22,0,21,92,2,49,33,45,23,5,2,0,0,13,-16,0,0,0
,Provider-32,9,0,0,0,0,0,0,0,0,0,0,0,0,0,0,96,0,0,0,0,0
,Provider-33,18,18,16,1,0,0,3,0,1,2,2,1,0,0,0,0,0,1,0,0,0
,Provider-124,4,0,0,0,0,0,0,0,0,0,0,0,0,0,0,5,0,0,0,0,0
,Provider-103,31,0,0,0,0,0,0,0,0,0,0,0,0,0,0,114,0,0,0,0,0
,Provider-109,78,78,152,51,0,27,106,8,91,59,55,30,7,0,0,0,7,-32,1,0,0
,Provider-34,53,0,0,0,0,0,0,0,0,0,0,0,0,0,0,276,0,0,1,0,0
,Provider-35,50,51,171,12,1,34,94,18,41,45,59,10,2,6,0,0,29,4,0,0,0
,Provider-36,4,0,0,0,0,0,0,0,0,0,0,0,0,0,0,408,0,0,0,0,0
,Provider-37,42,0,0,0,0,0,0,0,0,0,0,0,0,1,0,373,0,0,0,0,0
,Provider-38,0,0,0,0,0,0,0,0,0,0,0,0,0,0,0,15,0,0,0,0,0
,Provider-39,67,68,265,30,1,51,81,10,45,88,46,37,18,8,3,0,16,43,0,1,3
,Provider-125,99,97,0,0,0,1,1,1,26,12,9,3,0,1,0,0,0,-14,0,0,0
,Provider-40,9,9,40,3,0,0,1,0,1,6,0,0,0,0,0,0,0,5,0,0,0
,Provider-110,36,0,0,0,0,0,0,0,0,0,0,0,0,0,0,173,0,0,0,0,0
,Provider-41,63,63,182,48,1,18,36,6,22,71,12,12,4,3,0,0,0,49,1,0,1
,Provider-43,64,64,114,44,1,37,138,18,73,83,76,70,32,14,0,0,1,10,0,0,0
,Provider-104,86,0,0,0,0,0,0,0,0,0,0,0,0,1,0,279,0,0,0,0,0
,Provider-117,19,0,0,0,0,0,0,0,0,0,0,0,0,0,0,154,0,0,0,0,0
,Provider-44,3,0,0,0,0,0,0,0,0,0,0,0,0,0,0,32,0,0,0,0,0
,Provider-105,49,50,132,21,0,28,22,0,20,40,14,23,2,0,0,0,3,20,0,0,0
,Provider-45,122,125,309,37,0,22,104,7,88,125,83,24,12,0,1,0,0,37,1,2,1
,Provider-46,33,0,0,0,0,0,0,0,0,0,0,0,0,2,0,206,0,0,0,0,0
,Provider-47,51,45,307,48,3,9,59,2,37,78,27,63,43,0,2,0,0,41,1,0,0
,Provider-49,7,0,0,0,0,0,0,0,0,0,0,0,0,0,0,45,0,0,0,0,0
,Provider-51,18,0,0,0,0,0,0,0,0,0,0,0,0,0,0,56,0,0,0,0,0
,Provider-52,151,192,393,27,1,133,83,9,71,89,15,12,18,24,0,0,0,18,0,0,6
,Provider-53,40,39,190,22,0,15,101,28,55,60,61,22,11,4,2,0,2,5,1,0,0
,Provider-54,33,33,87,21,6,8,66,3,32,45,44,59,8,0,1,0,4,13,0,0,1
,Provider-111,7,0,0,0,0,0,0,0,0,0,0,0,0,0,0,85,0,0,0,0,0
,Provider-55,354,31,0,0,0,0,0,0,78,50,70,29,1,0,0,0,0,-28,0,0,0
,Provider-56,322,322,253,26,2,5,89,20,68,76,40,14,10,4,1,0,0,8,0,0,0
,Provider-57,5,0,0,0,0,0,0,0,0,0,0,0,0,0,0,167,0,0,0,0,0
,Provider-58,62,60,238,44,0,26,101,30,61,50,64,78,14,6,1,0,9,-11,1,0,0
,Provider-126,1,1,1,0,0,0,1,0,1,0,0,0,0,0,0,0,6,-1,0,1,0
,Provider-59,57,60,230,47,0,42,98,17,60,71,44,38,45,10,1,0,1,11,0,0,1
,Provider-61,101,101,235,20,0,93,104,6,69,104,30,14,10,22,1,0,5,35,0,0,0
,Provider-62,37,37,98,94,2,6,106,27,61,91,92,92,17,0,0,0,10,30,0,0,0
,Provider-63,60,60,85,1,0,47,97,5,71,10,37,13,2,8,0,0,0,-61,0,0,0
,Provider-65,37,37,158,36,0,7,51,16,39,25,40,38,12,10,0,0,3,-14,0,0,0
,Provider-66,33,0,0,0,0,0,0,0,0,0,0,0,0,0,0,293,0,0,0,0,0
,Provider-127,16,15,63,0,0,3,23,3,15,3,10,1,0,0,0,0,0,-12,0,0,0
,Provider-67,96,88,198,34,2,95,85,19,32,71,37,36,11,81,0,0,18,39,1,0,0
,Provider-69,74,76,268,23,0,22,50,6,29,37,29,17,2,4,0,0,3,8,0,0,0
,Provider-112,104,99,100,6,0,71,114,34,82,75,24,24,2,92,1,0,3,-7,0,1,0
,Provider-70,49,49,271,2,0,13,76,12,34,21,38,11,29,1,1,0,0,-13,0,0,0
,Provider-71,18,16,139,24,0,19,24,7,23,40,21,22,10,1,0,0,0,17,0,0,0
,Provider-72,28,27,275,31,1,12,113,37,57,65,75,43,13,1,2,0,4,8,1,1,4
,Provider-74,55,54,206,19,4,32,70,6,34,59,58,38,10,3,0,0,0,25,1,2,0
,Provider-75,23,0,0,0,0,0,0,0,0,0,0,0,0,0,0,168,0,0,0,0,0
,Provider-76,67,67,257,21,0,17,66,18,51,60,26,28,15,5,0,0,14,9,0,0,0
,Provider-128,3,0,0,0,0,0,0,0,0,0,0,0,0,0,0,5,0,0,0,0,0
,Provider-118,85,83,30,4,0,8,54,6,31,20,30,12,7,1,1,0,1,-11,0,0,0
,Provider-77,33,30,168,25,3,67,111,17,44,27,73,34,19,26,0,0,0,-17,5,0,0
,Provider-78,51,49,216,18,0,23,49,14,32,32,30,28,20,0,1,0,9,0,1,1,0
,Provider-79,55,54,211,62,0,26,122,15,93,82,73,49,15,0,7,0,17,-11,0,0,1
,Provider-80,0,0,0,0,0,0,0,0,0,0,0,0,0,0,0,56,0,0,0,0,0
,Provider-129,59,54,211,102,4,14,61,6,27,113,36,64,11,0,0,0,4,86,0,0,0
,Provider-81,238,0,0,0,0,0,0,0,0,0,0,0,28,4,0,238,0,0,1,1,1
,Provider-119,115,115,224,17,0,1,48,3,48,29,9,11,2,0,0,0,19,-19,0,0,0
,Provider-83,37,0,0,0,0,0,0,0,0,0,0,0,0,0,0,229,0,0,0,0,0
,Provider-84,55,53,245,40,1,24,127,16,50,42,100,36,18,1,1,0,23,-8,0,1,1
,Provider-106,60,60,186,31,2,17,39,21,24,31,21,31,1,9,0,0,22,7,0,1,0
,Provider-120,3,0,0,0,0,0,0,0,0,0,0,0,0,0,0,192,0,0,0,0,0
,Provider-85,33,0,0,0,0,0,0,0,0,0,0,0,0,0,0,255,0,0,0,0,0
,Provider-121,54,0,0,0,0,0,0,0,0,0,0,0,0,0,0,112,0,0,0,0,0
,Provider-86,22,0,0,0,0,0,0,0,0,0,0,0,0,0,0,378,0,0,0,0,0
,Provider-87,90,77,40,13,11,153,94,22,53,29,45,27,20,129,5,0,3,-24,6,16,3
,Provider-88,232,0,0,0,0,0,0,0,0,0,0,0,0,0,0,265,0,0,0,0,0
,Provider-89,75,74,63,21,0,17,90,28,48,63,48,32,26,9,3,0,0,15,0,0,0
,Provider-90,33,33,102,1,0,3,10,3,7,5,3,1,0,0,0,0,0,-2,0,0,0
,Provider-91,20,19,174,30,0,35,38,19,27,41,15,20,2,8,0,0,9,14,0,1,1
,Provider-113,38,35,269,16,0,23,58,13,39,43,24,21,20,8,0,0,4,4,0,0,0
,Provider-92,240,238,143,14,0,26,38,7,17,18,29,28,3,42,0,0,1,1,1,2,1
,Provider-93,40,43,216,38,0,18,65,6,31,41,40,25,3,0,3,0,14,10,0,0,0
,Provider-94,37,38,180,52,4,15,76,10,27,46,48,61,4,11,1,0,0,19,0,0,0
,Provider-95,49,49,288,17,0,35,102,27,40,60,51,30,21,11,0,0,16,20,0,0,2
,Provider-96,46,46,198,46,1,10,85,6,61,58,46,61,11,0,0,0,12,-3,0,0,0
,Provider-107,134,0,0,0,0,0,0,0,0,0,0,0,0,2,0,136,0,0,0,0,0
,Provider-97,6,0,0,0,0,0,0,0,0,0,0,0,0,0,0,230,0,0,0,0,0
,Provider-98,0,0,0,0,0,0,0,0,0,0,0,0,0,0,0,17,0,0,0,0,0
,Provider-99,38,40,137,15,0,25,67,14,20,35,40,24,16,6,1,0,0,15,0,0,0
,Provider-100,6827,4456,17275,1943,64,1974,5039,845,3001,3587,2855,2079,1038,1038,44,7660,395,586,43,49,55
,Provider-0,20,0,0,0,0,0,0,0,0,0,0,0,0,0,0,273,0,0,0,0,0
,Provider-2,88,0,0,0,0,0,0,0,0,0,0,0,3,1,0,212,0,0,0,0,0
,Provider-3,44,0,0,0,0,0,0,0,0,0,0,0,0,0,0,355,0,0,0,0,0
,Provider-4,179,0,0,0,0,0,0,0,0,0,0,0,92,32,0,179,0,0,10,9,14
,Provider-114,20,0,0,0,0,0,0,0,0,0,0,0,0,0,0,114,0,0,0,0,0
,Provider-6,24,24,131,3,0,6,14,2,8,10,6,0,1,3,0,0,0,2,0,0,3
,Provider-7,99,99,232,41,1,27,92,5,63,76,29,36,12,0,0,0,3,13,0,0,3
,Provider-9,51,51,163,16,0,49,68,10,34,28,44,22,12,22,1,0,11,-6,0,0,0
,Provider-11,49,41,134,73,1,60,200,49,128,135,120,66,13,27,7,0,20,7,0,0,1
,Provider-12,8,0,0,0,0,0,0,0,0,0,0,0,0,0,0,59,0,0,0,0,0
,Provider-13,65,65,251,2,1,62,108,16,59,34,51,4,17,0,0,0,1,-25,0,0,0
,Provider-14,77,0,0,0,0,0,0,0,0,0,0,0,0,0,0,207,0,0,10,3,0
,Provider-15,138,139,193,6,0,55,72,2,39,20,26,20,4,5,3,0,3,-19,0,0,1
,Provider-16,57,0,0,0,0,0,0,0,0,0,0,0,0,1,0,106,0,0,0,0,0
,Provider-115,289,0,0,0,0,0,0,0,0,0,0,0,4,0,0,290,0,0,0,0,0
,Provider-116,15,15,131,36,0,6,84,6,38,64,63,35,18,0,1,0,0,26,0,0,0
,Provider-17,64,66,192,22,0,8,62,3,32,24,29,21,12,1,0,0,16,-8,0,2,2
,Provider-18,37,37,224,28,0,8,43,13,16,44,29,15,8,50,0,0,17,28,0,0,0
,Provider-122,52,52,49,3,0,8,41,0,42,12,13,3,1,0,0,0,6,-30,0,0,0
,Provider-19,24,24,250,44,1,10,71,4,44,46,36,81,2,0,0,0,10,2,0,0,0
,Provider-130,6,0,0,0,0,0,0,0,0,0,0,0,1,1,0,6,0,0,0,0,0
,Provider-123,36,0,0,0,0,0,0,0,0,0,0,0,0,0,0,109,0,0,0,0,0
,Provider-20,41,40,229,7,0,39,81,7,50,23,37,28,4,8,0,0,11,-27,0,0,1
,Provider-21,13,16,5061,20,0,58,103,70,55,161,72,79,132,13,0,0,0,106,0,2,0
,Provider-22,19,19,374,0,0,56,50,11,14,12,38,8,6,1,0,0,0,-2,2,0,0
,Provider-23,46,46,174,35,0,16,96,22,49,33,69,42,9,26,0,0,8,-16,0,1,0
,Provider-24,23,22,203,136,3,20,169,6,98,162,122,110,47,0,4,0,8,64,0,0,0
,Provider-25,147,147,166,21,1,70,50,9,14,49,36,19,5,32,0,0,0,35,0,0,0
,Provider-26,31,29,160,20,0,34,96,12,57,42,41,25,15,6,0,0,0,-15,0,0,1
,Provider-131,13,15,28,0,0,3,16,0,7,5,8,1,1,0,0,0,0,-2,0,0,0
,Provider-108,33,34,100,0,0,16,25,7,15,3,10,2,0,1,0,0,3,-12,0,0,0
,Provider-28,52,0,0,0,0,0,0,0,0,0,0,0,0,0,0,243,0,0,0,0,0
,Provider-102,69,0,0,0,0,0,0,0,0,0,0,0,0,0,0,262,0,0,0,0,0
,Provider-30,42,0,0,0,0,0,0,0,0,0,0,0,0,0,0,306,0,0,0,0,0
,Provider-31,65,65,213,13,0,29,94,2,53,29,44,28,10,3,2,0,3,-24,0,0,0
,Provider-32,0,0,0,0,0,0,0,0,0,0,0,0,0,0,0,63,0,0,0,0,0
,Provider-33,44,44,34,5,0,2,7,1,1,1,5,5,0,1,0,0,0,0,0,0,0
,Provider-124,23,3,0,0,0,0,0,0,0,0,0,0,0,0,0,93,0,0,0,0,0
,Provider-103,28,0,0,0,0,0,0,0,0,0,0,0,0,0,0,159,0,0,0,0,0
,Provider-109,44,44,166,26,0,13,120,4,73,63,67,26,11,0,1,0,7,-10,0,0,0
,Provider-34,30,0,0,0,0,0,0,0,0,0,0,0,0,0,0,167,0,0,0,0,0
,Provider-132,18,18,27,14,0,1,8,2,10,16,0,4,3,0,0,0,0,6,0,0,0
,Provider-35,64,65,162,7,1,28,101,34,63,37,57,18,6,1,0,0,12,-26,0,0,0
,Provider-36,10,0,0,0,0,0,0,0,0,0,0,0,0,0,0,410,0,0,0,0,0
,Provider-37,39,0,0,0,0,0,0,0,0,0,0,0,0,1,0,339,0,0,0,0,0
,Provider-39,59,60,243,44,0,62,53,9,37,68,25,49,15,3,0,0,7,31,0,0,0
,Provider-125,190,188,0,0,0,0,0,1,36,12,13,14,0,0,0,0,0,-24,0,0,0
,Provider-110,42,0,0,0,0,0,0,0,0,0,0,0,0,0,0,242,0,0,0,0,0
,Provider-41,50,50,213,43,4,26,74,4,32,82,43,26,5,1,0,0,0,50,1,1,2
,Provider-43,74,73,110,27,1,40,142,13,73,82,81,54,22,16,0,0,0,9,0,0,0
,Provider-104,66,0,0,0,0,0,0,0,0,0,0,0,1,0,0,253,0,0,1,0,0
,Provider-117,1,0,0,0,0,0,0,0,0,0,0,0,0,0,0,96,0,0,0,0,0
,Provider-44,2,0,0,0,0,0,0,0,0,0,0,0,0,0,0,59,0,0,0,0,0
,Provider-105,6,6,63,1,0,2,4,3,2,1,1,3,0,0,0,0,0,-1,0,0,0
,Provider-45,146,141,320,21,0,41,102,3,80,59,56,30,9,2,0,0,1,-21,0,1,1
,Provider-46,30,0,0,0,0,0,0,0,0,0,0,0,0,4,0,136,0,0,0,0,0
,Provider-47,70,64,333,22,0,21,81,13,42,67,44,22,45,1,0,0,0,25,0,0,3
,Provider-49,2,0,0,0,0,0,0,0,0,0,0,0,0,0,0,14,0,0,0,0,0
,Provider-51,42,0,0,0,0,0,0,0,0,0,0,0,1,1,0,129,0,0,0,0,0
,Provider-52,96,104,254,17,0,83,71,10,45,69,14,11,16,13,0,0,0,24,0,1,5
,Provider-53,43,43,201,21,0,7,85,19,45,54,54,16,40,5,0,0,0,9,0,0,1
,Provider-54,64,62,119,41,6,22,73,3,33,78,47,117,18,1,1,0,10,45,1,1,1
,Provider-111,4,0,0,0,0,0,0,0,0,0,0,0,0,0,0,94,0,0,0,0,1
,Provider-55,316,27,0,0,0,0,0,3,65,46,65,19,1,0,0,0,0,-19,0,0,0
,Provider-56,369,369,285,36,0,6,90,20,69,82,51,30,4,7,1,0,0,13,0,1,0
,Provider-57,9,0,0,0,0,0,0,0,0,0,0,0,0,0,0,132,0,0,0,0,0
,Provider-58,96,90,286,82,0,24,139,28,88,83,84,106,47,2,4,0,5,-5,1,0,2
,Provider-126,116,117,71,20,1,11,53,2,44,60,26,28,3,1,0,0,0,16,0,0,1
,Provider-133,14,13,39,3,2,8,6,1,1,0,4,0,0,5,0,0,0,-1,0,0,0
,Provider-59,60,64,219,19,0,37,77,18,43,48,39,23,47,3,0,0,4,5,0,0,0
,Provider-61,75,75,237,13,0,80,95,10,62,56,30,12,5,8,0,0,8,-6,0,1,0
,Provider-62,97,97,233,65,0,24,66,8,57,66,42,51,17,0,2,0,8,9,0,0,1
,Provider-63,110,107,62,1,1,15,88,0,60,20,35,12,1,1,0,0,0,-40,0,0,0
,Provider-65,71,71,199,20,0,13,61,19,50,24,38,21,9,20,0,0,7,-26,0,0,0
,Provider-66,45,0,0,0,0,0,0,0,0,0,0,0,0,0,0,264,0,0,0,0,0
,Provider-127,19,19,85,3,1,4,28,0,17,6,13,2,5,0,0,0,4,-11,0,0,0
,Provider-67,94,89,248,39,2,106,110,27,50,76,49,45,14,69,1,0,24,26,0,0,0
,Provider-69,69,70,321,14,0,17,69,6,44,34,32,10,1,1,1,0,11,-10,0,0,0
,Provider-112,124,120,109,16,0,97,136,42,89,78,48,46,35,124,0,0,5,-11,0,1,1
,Provider-70,9,9,230,10,0,4,50,8,19,17,29,12,33,2,0,0,2,-2,1,0,0
,Provider-71,39,39,249,12,0,35,51,10,28,52,37,33,12,0,0,0,0,24,0,0,0
,Provider-72,61,61,272,39,1,19,92,17,54,50,49,43,11,1,0,0,16,-4,1,0,2
,Provider-74,53,52,290,15,4,18,78,11,46,32,46,27,10,8,5,0,7,-14,1,5,0
,Provider-75,23,0,0,0,0,0,0,0,0,0,0,0,0,0,0,122,0,0,0,0,1
,Provider-76,113,113,223,23,0,22,72,16,62,39,27,22,10,7,4,0,2,-23,0,0,0
,Provider-128,21,0,0,0,0,0,0,0,0,0,0,0,0,0,0,146,0,0,0,0,0
,Provider-118,53,51,151,75,1,8,75,11,48,92,50,55,8,2,0,0,1,44,0,0,0
,Provider-77,82,81,194,12,1,114,141,8,65,27,83,22,26,48,1,0,18,-38,4,0,0
,Provider-78,25,25,203,19,0,27,43,8,37,32,18,27,14,0,5,0,2,-5,0,0,0
,Provider-79,81,80,274,33,3,34,155,12,99,45,88,51,24,0,6,0,6,-54,1,0,2
,Provider-129,58,56,229,106,1,66,82,10,33,107,61,68,14,1,0,0,1,74,0,0,0
,Provider-81,232,0,0,0,0,0,0,0,0,0,0,0,26,3,0,232,0,0,0,0,0
,Provider-119,49,48,210,10,1,1,30,5,31,14,4,13,1,0,0,0,4,-17,0,0,0
,Provider-83,27,0,0,0,0,0,0,0,0,0,0,0,0,0,0,180,0,0,0,0,0
,Provider-84,87,84,183,20,1,22,75,17,40,28,45,23,6,8,3,0,7,-12,1,0,2
,Provider-106,78,78,240,35,0,12,57,11,39,61,33,36,5,10,0,0,16,22,0,0,0
,Provider-85,39,0,0,0,0,0,0,0,0,0,0,0,0,0,0,262,0,0,0,0,0
,Provider-121,89,0,0,0,0,0,0,0,0,0,0,0,0,0,0,197,0,0,0,0,0
,Provider-86,28,0,0,0,0,0,0,0,0,0,0,0,0,0,0,292,0,0,0,0,0
,Provider-87,143,100,88,12,2,165,100,49,41,56,67,31,36,163,3,0,4,15,0,12,1
,Provider-88,209,0,0,0,0,0,0,0,0,0,0,0,0,0,0,267,1,0,0,0,0
,Provider-89,31,32,57,7,0,10,45,10,27,23,21,6,4,1,2,0,0,-4,0,0,1
,Provider-90,52,52,94,0,0,6,22,1,16,7,7,1,1,2,0,0,0,-9,0,0,0
,Provider-91,22,22,137,3,0,23,32,12,18,9,21,8,1,6,0,0,8,-9,1,0,0
,Provider-113,33,31,307,12,2,25,45,11,33,35,13,17,8,12,2,0,7,2,0,0,0
,Provider-92,22,22,9,1,0,4,4,0,4,6,0,5,0,2,0,0,0,2,0,0,0
,Provider-93,41,40,195,42,0,18,55,6,30,52,29,28,1,0,1,0,6,22,0,0,0
,Provider-94,74,73,228,83,0,21,99,15,36,89,69,71,8,21,1,0,2,53,0,0,1
,Provider-95,40,41,270,21,0,25,112,25,55,69,56,22,13,7,0,0,14,14,0,0,1
,Provider-96,52,50,237,35,5,13,118,10,66,45,57,54,4,0,0,0,12,-21,0,0,0
,Provider-107,116,0,0,0,0,0,0,0,0,0,0,0,0,0,0,118,0,0,0,0,0
,Provider-97,13,0,0,0,0,0,0,0,0,0,0,0,1,1,0,220,0,0,1,1,1
,Provider-99,109,103,246,22,0,53,157,52,52,64,98,38,27,8,3,0,2,12,0,0,2
,Provider-100,7211,4682,18113,1793,49,2175,5364,894,3205,3431,2994,2158,1114,1114,65,7407,371,226,37,42,59
,Provider-0,29,0,0,0,0,0,0,0,0,0,0,0,0,0,0,241,0,0,0,0,0
,Provider-134,12,0,0,0,0,0,0,0,0,0,0,0,0,0,0,20,0,0,0,0,0
,Provider-2,77,0,0,0,0,0,0,0,0,0,0,0,0,0,0,245,0,0,0,0,0
,Provider-3,49,0,0,0,0,0,0,0,0,0,0,0,0,0,0,310,0,0,1,0,0
,Provider-4,119,0,0,0,0,0,0,0,0,0,0,0,60,26,0,119,0,0,0,0,2
,Provider-135,30,0,0,0,0,0,0,0,0,0,0,0,0,0,0,31,0,0,0,0,0
,Provider-114,43,0,0,0,0,0,0,0,0,0,0,0,0,0,0,129,0,0,0,0,0
,Provider-7,48,48,243,24,0,27,73,6,51,60,26,32,14,0,0,0,3,9,0,1,0
,Provider-9,65,65,73,2,0,37,48,8,33,15,22,9,7,22,0,0,4,-18,1,0,0
,Provider-11,61,58,113,40,2,45,156,20,84,148,83,38,17,34,1,0,16,64,0,0,0
,Provider-136,67,0,0,0,0,0,0,0,0,0,0,0,65,63,0,70,0,0,0,0,0
,Provider-13,55,52,225,6,0,74,86,19,34,19,49,10,9,0,0,0,7,-15,0,0,0
,Provider-14,92,0,0,0,0,0,0,0,0,0,0,0,0,0,0,174,0,0,2,1,2
,Provider-15,315,315,159,24,0,83,74,10,43,47,28,33,9,2,2,0,0,4,0,1,1
,Provider-16,17,0,0,0,0,0,0,0,0,0,0,0,0,2,0,33,0,0,0,0,0
,Provider-115,282,0,0,0,0,0,0,0,0,0,0,0,10,1,0,288,0,0,0,0,0
,Provider-116,54,54,113,30,0,11,87,5,40,44,58,39,16,0,0,0,13,4,0,0,0
,Provider-17,58,58,172,26,1,9,54,1,26,27,30,24,3,2,0,0,14,1,0,0,0
,Provider-18,48,49,281,12,0,10,39,8,25,23,23,11,1,54,0,0,10,-2,0,0,0
,Provider-122,84,84,96,19,0,31,71,1,49,40,37,23,3,1,0,0,1,-9,0,0,0
,Provider-19,26,26,242,28,6,23,71,9,45,49,36,79,4,0,0,0,1,4,0,0,0
,Provider-130,34,0,0,0,0,0,0,0,0,0,0,0,2,2,0,47,0,0,0,0,1
,Provider-123,51,0,0,0,0,0,0,0,0,0,0,0,0,0,0,139,0,0,1,0,0
,Provider-20,57,56,239,13,1,41,93,12,47,44,54,22,3,6,0,0,3,-3,0,0,0
,Provider-21,8,7,5122,21,1,75,139,81,90,178,104,83,182,14,1,0,0,88,2,1,0
,Provider-22,19,18,349,0,0,51,64,13,24,19,36,8,13,0,0,0,0,-5,0,0,0
,Provider-23,39,38,198,21,0,3,57,11,36,31,38,22,13,15,0,0,4,-5,0,0,0
,Provider-24,17,17,125,40,5,23,118,1,54,73,85,44,19,1,1,0,3,19,1,0,0
,Provider-25,126,126,137,21,1,82,51,5,17,48,36,22,7,27,0,0,2,31,0,0,0
,Provider-26,23,21,112,21,0,21,77,14,44,54,27,28,11,10,0,0,11,10,0,0,0
,Provider-131,28,28,155,5,0,22,52,3,31,18,20,9,3,1,1,0,1,-13,1,1,1
,Provider-108,33,33,137,4,0,19,38,13,23,16,11,6,3,1,0,0,3,-7,0,0,0
,Provider-28,64,0,0,0,0,0,0,0,0,0,0,0,0,0,0,276,0,0,0,0,0
,Provider-102,77,0,0,0,0,0,0,0,0,0,0,0,0,0,0,255,0,0,0,0,0
,Provider-30,60,0,0,0,0,0,0,0,0,0,0,0,0,2,0,286,0,0,0,0,0
,Provider-31,86,86,201,10,1,34,87,7,41,37,49,22,2,0,1,0,22,-4,0,0,0
,Provider-32,2,0,0,0,0,0,0,0,0,0,0,0,0,0,0,106,0,0,0,0,0
,Provider-33,30,30,26,0,0,1,3,2,3,3,1,0,0,0,0,0,0,0,0,0,0
,Provider-124,39,0,0,0,0,0,0,0,0,0,0,0,0,0,0,246,0,0,0,0,0
,Provider-103,30,0,0,0,0,0,0,0,0,0,0,0,0,0,0,230,0,0,0,0,0
,Provider-109,56,55,223,28,0,16,150,9,97,49,102,32,11,0,0,0,16,-48,0,0,0
,Provider-34,43,0,0,0,0,0,0,0,0,0,0,0,0,0,0,230,0,0,0,0,0
,Provider-132,73,73,147,29,0,11,66,6,44,40,34,31,10,0,1,0,3,-4,0,0,2
,Provider-35,81,81,88,12,0,19,50,10,31,28,28,13,3,3,0,0,0,-3,0,0,0
,Provider-36,19,0,0,0,0,0,0,0,0,0,0,0,1,0,0,305,0,0,0,0,0
,Provider-37,36,0,0,0,0,0,0,0,0,0,0,0,0,1,0,350,0,0,0,0,0
,Provider-39,72,73,257,29,0,61,78,11,44,49,52,21,24,14,2,0,2,5,0,0,0
,Provider-125,187,185,0,0,0,0,0,0,36,13,11,11,0,0,0,0,0,-23,0,0,0
,Provider-110,42,0,0,0,0,0,0,0,0,0,0,0,0,0,0,255,0,0,0,0,0
,Provider-41,35,34,142,47,1,24,40,3,21,70,24,30,7,4,0,0,0,49,0,0,2
,Provider-43,67,68,152,21,2,56,123,16,58,88,50,52,16,13,0,0,3,30,0,0,1
,Provider-104,91,0,0,0,0,0,0,0,0,0,0,0,0,0,0,297,0,0,0,0,0
,Provider-117,1,0,0,0,0,0,0,0,0,0,0,0,0,0,0,127,0,0,0,0,0
,Provider-44,0,0,0,0,0,0,0,0,0,0,0,0,0,0,0,46,0,0,0,0,0
,Provider-45,146,143,358,24,4,51,100,5,77,53,62,26,4,3,2,0,4,-24,0,0,4
,Provider-46,46,0,0,0,0,0,0,0,0,0,0,0,0,0,0,231,0,0,0,0,0
,Provider-47,48,45,301,6,1,19,65,12,35,49,39,9,30,2,1,0,0,14,0,0,1
,Provider-51,6,0,0,0,0,0,0,0,0,0,0,0,0,0,0,16,0,0,0,0,0
,Provider-52,121,135,385,28,0,119,85,8,64,84,16,15,24,29,0,0,0,20,0,1,0
,Provider-53,44,44,174,28,0,11,88,17,45,55,54,31,35,2,0,0,7,10,0,0,0
,Provider-54,47,45,118,27,11,26,61,3,39,60,42,47,28,0,0,0,5,21,0,0,0
,Provider-111,2,0,0,0,0,0,0,0,0,0,0,0,0,0,0,107,0,0,0,0,0
,Provider-55,254,32,0,0,0,0,0,1,61,43,41,15,0,0,0,0,0,-18,0,0,0
,Provider-56,319,316,263,30,0,9,103,17,95,103,41,18,3,3,1,0,0,8,0,0,2
,Provider-57,19,0,0,0,0,0,0,0,0,0,0,0,0,0,0,183,0,0,0,0,0
,Provider-58,104,101,273,62,0,35,114,31,70,71,80,95,41,11,2,0,5,1,0,1,1
,Provider-126,68,68,94,117,3,8,77,2,51,150,30,97,7,0,0,0,0,99,0,0,0
,Provider-133,30,25,120,6,0,32,22,5,19,8,6,4,4,12,0,0,3,-11,0,0,0
,Provider-59,56,56,226,26,0,26,68,12,33,43,35,22,37,7,0,0,3,10,0,0,0
,Provider-60,146,0,0,0,0,0,0,0,0,0,0,0,0,0,0,147,0,0,0,0,0
,Provider-61,97,95,260,25,0,68,81,14,57,55,44,15,12,10,3,0,3,-2,0,0,0
,Provider-62,16,16,230,92,0,4,60,12,37,58,39,67,3,0,0,0,14,21,0,0,1
,Provider-63,205,201,78,0,0,20,103,2,69,28,41,14,0,2,0,0,0,-41,0,0,0
,Provider-137,27,27,55,1,1,24,16,4,8,8,10,1,4,8,0,0,0,0,0,0,0
,Provider-138,13,13,13,0,0,10,5,2,3,1,5,0,1,2,0,0,0,-2,0,0,1
,Provider-65,44,44,177,23,0,6,51,8,41,30,25,16,5,12,0,0,3,-11,0,0,3
,Provider-66,37,0,0,0,0,0,0,0,0,0,0,0,0,0,0,271,0,0,0,0,0
,Provider-127,33,33,117,10,0,10,87,1,74,15,30,9,4,2,0,0,3,-59,0,0,0
,Provider-67,85,83,230,27,0,87,102,16,45,77,51,27,9,66,1,0,40,32,1,0,1
,Provider-69,69,69,273,20,0,25,73,9,41,36,42,16,3,1,0,0,4,-5,0,0,0
,Provider-112,141,142,102,15,1,140,173,58,93,80,69,51,13,206,0,0,0,-13,0,3,2
,Provider-70,4,4,191,0,0,10,35,6,14,8,22,1,16,0,1,0,0,-6,0,0,0
,Provider-71,62,61,238,8,0,42,63,15,46,29,29,18,8,1,0,0,0,-17,1,0,1
,Provider-72,79,79,236,29,0,23,109,28,62,54,55,39,11,0,0,0,8,-8,0,0,2
,Provider-74,45,45,248,28,6,25,51,6,29,54,34,20,14,10,0,0,3,25,0,1,2
,Provider-75,32,0,0,0,0,0,0,0,0,0,0,0,0,0,0,210,0,0,0,0,0
,Provider-76,87,89,252,22,0,19,81,12,64,59,34,17,11,1,0,0,1,-5,0,0,1
,Provider-128,8,0,0,0,0,0,0,0,0,0,0,0,0,0,0,127,0,0,0,0,0
,Provider-118,34,32,127,45,2,65,70,2,43,64,32,28,6,1,0,0,19,21,0,0,0
,Provider-77,76,73,172,30,2,104,196,22,84,73,115,39,32,44,1,0,5,-11,2,0,2
,Provider-78,28,28,210,26,0,50,36,11,19,25,24,33,17,4,0,0,7,6,0,0,1
,Provider-79,63,63,244,29,1,21,121,18,89,74,79,28,31,2,1,0,12,-15,1,1,2
,Provider-129,63,59,193,44,1,178,73,12,16,52,56,43,10,0,0,0,1,36,0,0,0
,Provider-81,230,0,0,0,0,0,0,0,0,0,0,0,20,40,0,230,0,0,2,2,2
,Provider-119,66,62,310,5,0,11,46,1,33,10,13,6,0,0,0,0,0,-23,0,0,0
,Provider-83,84,0,0,0,0,0,0,0,0,0,0,0,0,0,0,285,0,0,0,0,0
,Provider-84,66,64,167,35,2,19,89,30,58,69,72,20,17,4,1,0,7,11,0,1,3
,Provider-106,77,77,250,27,0,15,60,11,43,57,36,18,10,11,1,0,2,14,0,0,1
,Provider-85,47,0,0,0,0,0,0,0,0,0,0,0,0,0,0,226,0,0,0,0,0
,Provider-121,51,0,0,0,0,0,0,0,0,0,0,0,0,0,0,221,0,0,0,0,0
,Provider-86,25,0,0,0,0,0,0,0,0,0,0,0,0,0,0,310,0,0,0,0,0
,Provider-87,230,191,26,28,3,165,101,48,68,136,45,16,61,147,7,0,6,68,4,14,5
,Provider-88,201,0,0,0,0,0,0,0,0,0,0,0,0,0,0,246,0,0,0,0,0
,Provider-139,4,0,0,0,0,0,0,0,0,0,0,0,0,0,0,7,0,0,0,0,0
,Provider-89,38,38,93,11,0,13,59,12,45,44,16,18,11,1,1,0,0,-1,0,0,1
,Provider-90,47,48,96,1,0,2,15,1,17,7,5,2,0,0,0,0,0,-10,0,1,1
,Provider-91,29,29,151,7,0,30,38,11,21,21,27,6,5,13,1,0,18,0,0,0,0
,Provider-113,26,24,224,5,0,14,41,11,32,19,10,14,3,3,0,0,5,-13,0,0,0
,Provider-93,45,45,232,41,1,30,56,7,32,41,37,26,5,1,1,0,5,9,1,4,1
,Provider-94,64,66,227,38,2,40,148,21,55,59,94,51,6,44,1,0,5,4,0,0,0
,Provider-95,29,30,300,21,0,23,95,13,37,39,55,23,4,5,1,0,18,2,0,0,2
,Provider-96,29,29,163,26,0,7,61,2,27,32,36,31,6,0,0,0,4,5,0,0,0
,Provider-107,101,0,0,0,0,0,0,0,0,0,0,0,1,3,0,103,0,0,0,0,0
,Provider-97,12,0,0,0,0,0,0,0,0,0,0,0,0,0,0,220,0,0,0,0,0
,Provider-99,72,67,235,22,0,48,140,29,54,63,78,30,15,9,4,0,3,9,0,0,0
,Provider-100,7634,4874,17959,1628,62,2593,5363,872,3216,3526,2960,1876,1135,1135,41,7995,365,310,21,34,55
,Provider-0,18,0,0,0,0,0,0,0,0,0,0,0,0,0,0,256,0,0,1,0,0
,Provider-134,24,0,0,0,0,0,0,0,0,0,0,0,0,0,0,57,0,0,0,0,0
,Provider-2,95,0,0,0,0,0,0,0,0,0,0,0,0,0,0,211,0,0,0,0,0
,Provider-3,32,0,0,0,0,0,0,0,0,0,0,0,0,0,0,311,0,0,0,0,0
,Provider-4,90,0,0,0,0,0,0,0,0,0,0,0,45,16,0,90,0,0,0,0,0
,Provider-135,93,0,0,0,0,0,0,0,0,0,0,0,0,0,0,220,0,0,0,0,0
,Provider-114,31,0,0,0,0,0,0,0,0,0,0,0,0,0,0,106,0,0,0,0,0
,Provider-140,3,0,0,0,0,0,0,0,0,0,0,0,0,0,0,4,0,0,0,0,0
,Provider-7,65,64,269,52,0,31,57,6,37,78,29,37,16,0,0,0,5,41,0,1,1
,Provider-9,79,73,47,1,1,25,49,8,27,26,25,7,3,25,0,0,0,-1,1,0,2
,Provider-11,73,64,224,55,0,68,227,36,135,155,121,58,25,31,4,0,30,20,0,1,1
,Provider-136,151,0,0,0,0,0,0,0,0,0,0,0,142,137,0,222,0,0,0,0,0
,Provider-13,47,47,258,12,0,62,105,12,42,34,58,12,7,3,0,0,5,-8,0,0,0
,Provider-14,94,0,0,0,0,0,0,0,0,0,0,0,1,0,0,206,0,0,6,0,0
,Provider-15,219,220,135,2,1,38,89,1,44,30,35,14,13,0,0,0,0,-14,1,0,2
,Provider-16,27,0,0,0,0,0,0,0,0,0,0,0,0,4,0,65,0,0,0,0,0
,Provider-115,234,0,0,0,0,0,0,0,0,0,0,0,1,0,0,237,0,0,0,0,0
,Provider-116,98,97,192,43,0,20,117,7,61,45,75,48,13,0,0,0,5,-16,0,0,0
,Provider-141,55,0,0,0,0,0,0,0,0,0,0,0,29,1,0,76,0,0,0,1,1
,Provider-17,43,43,118,18,0,10,57,6,37,23,24,24,1,1,0,0,17,-14,0,1,1
,Provider-18,35,35,204,12,1,9,46,4,25,38,23,6,10,33,0,0,5,13,1,0,2
,Provider-122,85,87,144,14,0,58,108,0,73,37,53,43,3,2,0,0,12,-36,0,0,0
,Provider-19,26,26,245,46,2,17,86,2,58,53,37,57,0,0,0,0,22,-5,0,0,0
,Provider-130,41,0,0,0,0,0,0,0,0,0,0,0,0,0,0,150,0,0,0,0,0
,Provider-123,38,0,0,0,0,0,0,0,0,0,0,0,0,0,0,178,0,0,0,0,0
,Provider-20,49,47,234,5,0,14,64,9,38,31,29,13,4,24,0,0,11,-7,0,0,0
,Provider-21,12,17,5184,29,1,80,124,73,82,177,66,76,111,11,2,0,0,95,0,1,1
,Provider-22,27,26,448,1,0,102,78,6,32,22,45,10,12,0,0,0,2,-10,2,0,0
,Provider-23,22,21,142,12,0,1,32,14,15,18,23,14,8,11,0,0,3,3,0,0,0
,Provider-142,1,0,0,0,0,0,0,0,0,0,0,0,0,0,0,3,0,0,0,0,0
,Provider-24,15,12,166,90,2,29,160,7,90,114,101,67,24,0,0,0,5,24,0,0,0
,Provider-25,135,133,118,24,1,82,50,4,8,50,36,16,7,41,0,0,23,42,0,0,0
,Provider-26,37,32,228,34,0,14,102,11,61,73,50,45,35,7,2,0,12,12,0,1,1
,Provider-131,40,43,144,15,0,48,51,5,32,27,28,7,2,1,0,0,5,-5,0,0,0
,Provider-108,37,35,108,8,0,22,30,17,28,23,8,7,8,2,0,0,2,-5,0,0,0
,Provider-28,34,0,0,0,0,0,0,0,0,0,0,0,0,0,0,181,0,0,0,0,0
,Provider-102,74,0,0,0,0,0,0,0,0,0,0,0,0,0,0,278,0,0,0,0,0
,Provider-30,48,0,0,0,0,0,0,0,0,0,0,0,0,0,0,270,0,0,0,0,0
,Provider-31,77,76,204,14,0,47,106,6,48,26,61,16,4,0,0,0,5,-22,1,0,0
,Provider-32,4,0,0,0,0,0,0,0,0,0,0,0,0,0,0,92,0,0,0,0,0
,Provider-33,26,26,21,1,0,2,3,0,2,1,1,1,0,0,0,0,0,-1,0,0,0
,Provider-124,26,0,0,0,0,0,0,0,0,0,0,0,0,0,0,255,0,0,0,0,0
,Provider-103,26,0,0,0,0,0,0,0,0,0,0,0,0,0,0,251,0,0,0,0,0
,Provider-109,64,62,227,14,0,42,154,6,111,31,92,21,7,0,0,0,15,-80,0,0,0
,Provider-34,67,0,0,0,0,0,0,0,0,0,0,0,0,0,0,260,0,0,0,0,0
,Provider-132,57,53,163,25,0,27,68,12,53,48,36,20,7,0,0,0,0,-5,0,0,1
,Provider-35,113,112,159,15,1,20,69,15,61,40,30,18,4,2,0,0,6,-21,0,1,1
,Provider-36,3,0,0,0,0,0,0,0,0,0,0,0,0,0,0,414,0,0,0,0,0
,Provider-37,31,0,0,0,0,0,0,0,0,0,0,0,0,0,0,367,0,0,0,0,0
,Provider-39,114,115,340,52,0,77,85,9,73,84,39,43,30,23,6,0,0,11,0,0,1
,Provider-125,200,196,0,0,0,0,0,0,39,16,11,14,0,0,0,0,0,-23,0,0,0
,Provider-110,26,0,0,0,0,0,0,0,0,0,0,0,0,0,0,324,0,0,0,0,0
,Provider-41,66,66,244,19,0,24,27,0,13,42,5,18,4,3,0,0,0,29,4,0,0
,Provider-43,63,56,144,35,3,55,139,20,71,84,64,57,24,10,0,0,8,13,0,0,0
,Provider-104,75,0,0,0,0,0,0,0,0,0,0,0,2,4,0,295,0,0,2,2,2
,Provider-117,25,0,0,0,0,0,0,0,0,0,0,0,0,0,0,196,0,0,0,0,0
,Provider-44,2,0,0,0,0,0,0,0,0,0,0,0,0,1,0,45,0,0,0,0,0
,Provider-45,120,115,380,17,0,25,90,8,100,58,39,17,8,2,0,0,4,-42,0,3,2
,Provider-46,27,0,0,0,0,0,0,0,0,0,0,0,0,3,0,148,0,0,0,0,0
,Provider-47,41,36,377,7,1,32,65,15,31,29,36,9,36,0,0,0,0,-2,0,0,3
,Provider-143,5,0,0,0,0,0,0,0,0,0,0,0,0,0,0,11,0,0,0,0,0
,Provider-52,160,206,459,25,1,171,82,9,52,74,17,23,29,29,0,0,0,22,0,0,6
,Provider-53,39,37,178,17,0,10,61,12,33,23,31,22,30,4,1,0,30,-10,0,0,0
,Provider-144,31,31,20,2,0,16,22,2,15,7,10,4,1,6,0,0,0,-8,0,0,0
,Provider-54,67,62,138,31,4,20,111,7,56,61,54,73,29,0,0,0,0,5,1,1,0
,Provider-111,13,0,0,0,0,0,0,0,0,0,0,0,0,0,0,104,0,0,0,0,0
,Provider-55,272,20,0,0,0,0,0,0,54,34,61,9,1,0,0,0,0,-20,0,0,0
,Provider-56,280,280,259,15,0,7,91,29,71,58,43,15,4,5,2,0,0,-13,1,1,3
,Provider-57,9,0,0,0,0,0,0,0,0,0,0,0,0,0,0,205,0,0,0,0,0
,Provider-145,18,17,35,0,0,13,21,4,16,5,7,1,3,10,0,0,0,-11,0,0,0
,Provider-146,134,126,305,51,0,41,148,35,97,69,89,68,36,7,4,0,1,-28,0,1,1
,Provider-126,105,102,131,98,5,25,87,5,73,156,39,65,15,0,0,0,0,83,0,0,1
,Provider-133,5,5,47,0,0,4,10,1,12,3,1,0,1,1,0,0,14,-9,0,0,0
,Provider-59,55,55,206,12,0,24,58,13,31,43,27,18,43,10,0,0,1,12,0,0,3
,Provider-60,299,0,0,0,0,0,0,0,0,0,0,0,2,3,0,300,0,0,0,2,2
,Provider-61,105,101,231,15,1,93,84,15,61,54,25,14,7,20,1,0,12,-7,0,0,0
,Provider-62,61,59,134,106,1,16,105,11,57,108,73,72,11,0,0,0,0,51,0,0,0
,Provider-63,159,157,95,0,0,19,131,2,108,34,44,6,0,3,0,0,0,-74,0,0,0
,Provider-137,69,69,170,7,0,45,57,8,33,26,28,5,23,10,0,0,1,-7,1,0,0
,Provider-138,21,21,10,0,0,4,5,0,3,3,3,1,0,2,0,0,0,0,0,0,0
,Provider-65,41,38,188,28,2,10,48,8,38,38,34,14,13,8,0,0,1,0,0,2,3
,Provider-66,22,0,0,0,0,0,0,0,0,0,0,0,0,0,0,232,0,0,0,0,0
,Provider-127,37,35,187,18,0,10,98,2,58,34,55,11,19,1,1,0,7,-24,2,2,1
,Provider-67,113,102,240,27,0,98,102,14,34,73,52,34,14,74,0,0,6,39,1,0,1
,Provider-147,19,0,0,0,0,0,0,0,0,0,0,0,14,8,0,21,0,0,0,0,0
,Provider-69,50,50,290,17,1,11,68,12,48,41,34,18,5,2,0,0,0,-7,0,0,0
,Provider-112,128,128,106,12,0,145,137,32,89,90,35,30,22,198,0,0,1,1,0,1,1
,Provider-70,18,18,203,3,3,8,49,10,18,23,29,9,62,0,0,0,5,5,1,0,0
,Provider-71,93,89,316,32,2,55,84,9,40,55,60,20,14,2,0,0,0,15,0,0,0
,Provider-72,66,66,219,40,1,13,79,20,42,54,37,44,8,1,0,0,27,12,0,0,0
,Provider-74,59,58,301,16,1,18,81,8,43,38,58,20,11,9,0,0,14,-5,0,3,0
,Provider-75,29,0,0,0,0,0,0,0,0,0,0,0,0,0,0,216,0,0,0,0,0
,Provider-76,70,69,249,40,0,16,65,10,51,84,28,20,10,4,2,0,4,33,0,0,0
,Provider-128,5,0,0,0,0,0,0,0,0,0,0,0,0,0,0,137,0,0,0,0,0
,Provider-118,34,32,112,27,0,43,72,3,45,35,35,22,9,7,0,0,15,-10,0,0,0
,Provider-77,41,32,163,41,2,110,121,18,51,46,76,54,21,42,2,0,14,-5,4,1,1
,Provider-78,31,29,164,18,0,31,34,11,13,16,19,30,9,3,0,0,9,3,1,1,0
,Provider-79,59,59,249,24,0,26,109,9,59,63,63,21,19,2,2,0,15,4,0,0,1
,Provider-129,76,72,219,62,2,220,154,11,23,69,119,48,18,0,0,0,1,46,0,0,0
,Provider-81,245,0,0,0,0,0,0,0,0,0,0,0,34,60,0,246,0,0,1,1,1
,Provider-119,64,62,323,4,0,3,28,1,23,7,9,5,4,0,0,0,13,-16,1,0,0
,Provider-83,80,0,0,0,0,0,0,0,0,0,0,0,0,0,0,344,0,0,0,0,0
,Provider-84,41,39,181,22,0,22,63,19,24,31,54,16,9,6,0,0,6,7,1,1,1
,Provider-106,93,94,293,33,1,27,105,17,72,51,50,33,22,19,0,0,12,-21,0,1,4
,Provider-85,58,0,0,0,0,0,0,0,0,0,0,0,0,0,0,240,0,0,0,0,0
,Provider-121,47,0,0,0,0,0,0,0,0,0,0,0,0,0,0,213,0,0,0,0,0
,Provider-86,38,0,0,0,0,0,0,0,0,0,0,0,0,0,0,428,0,0,0,0,0
,Provider-87,220,207,33,7,1,137,61,27,49,81,21,11,16,47,8,0,0,32,1,7,1
,Provider-88,211,0,0,0,0,0,0,0,0,0,0,0,0,0,0,235,0,0,0,0,0
,Provider-139,20,0,0,0,0,0,0,0,0,0,0,0,0,0,0,36,0,0,0,0,0
,Provider-89,19,19,68,13,0,9,50,20,27,28,30,15,7,1,1,0,0,1,0,0,0
,Provider-148,17,17,15,0,0,0,8,2,5,1,2,2,0,1,0,0,0,-4,0,0,0
,Provider-90,45,44,86,1,0,3,22,4,16,7,9,2,1,2,0,0,0,-9,0,0,0
,Provider-91,36,36,116,10,0,30,30,9,19,23,13,17,7,14,0,0,14,4,0,0,0
,Provider-113,39,35,287,5,0,25,32,6,18,19,14,10,11,0,0,0,1,1,0,0,0
,Provider-92,70,68,81,0,0,12,11,6,8,4,7,5,3,12,0,0,0,-4,0,0,0
,Provider-93,54,52,229,35,0,37,68,3,37,34,35,39,2,2,0,0,14,-3,0,0,2
,Provider-94,65,66,236,32,0,29,143,18,71,49,68,52,9,30,0,0,0,-22,0,0,2
,Provider-95,33,29,268,16,0,28,110,28,47,44,66,21,17,6,0,0,31,-3,2,0,1
,Provider-96,39,35,196,27,0,24,94,3,53,31,47,37,4,0,0,0,3,-22,0,0,0
,Provider-107,210,0,0,0,0,0,0,0,0,0,0,0,1,5,0,216,0,0,0,0,0
,Provider-97,27,0,0,0,0,0,0,0,0,0,0,0,0,0,0,190,0,0,0,0,0
,Provider-149,111,110,49,22,0,13,30,6,19,18,19,41,4,0,0,0,1,-1,0,0,0
,Provider-150,1,0,0,0,0,0,0,0,0,0,0,0,0,0,0,5,0,0,0,0,0
,Provider-99,96,88,245,28,0,35,143,34,49,100,82,57,27,12,0,0,22,51,0,0,4
,Provider-100,8457,5261,19197,1711,42,2837,5810,852,3488,3558,3092,1949,1327,1327,38,9147,497,70,37,37,62
,Provider-0,15,0,0,0,0,0,0,0,0,0,0,0,0,0,0,244,0,0,0,0,0
,Provider-134,12,0,0,0,0,0,0,0,0,0,0,0,0,0,0,54,0,0,0,0,0
,Provider-2,80,0,0,0,0,0,0,0,0,0,0,0,0,0,0,246,0,0,0,0,0
,Provider-3,68,0,0,0,0,0,0,0,0,0,0,0,0,0,0,331,0,0,0,0,0
,Provider-4,162,0,0,0,0,0,0,0,0,0,0,0,72,32,0,163,0,0,0,0,0
,Provider-135,24,0,0,0,0,0,0,0,0,0,0,0,1,0,0,183,0,0,0,0,0
,Provider-151,25,0,0,0,0,0,0,0,0,0,0,0,0,2,0,35,0,0,0,0,0
,Provider-114,18,0,0,0,0,0,0,0,0,0,0,0,0,0,0,61,0,0,0,0,0
,Provider-140,27,0,0,0,0,0,0,0,0,0,0,0,0,0,0,43,0,0,0,0,0
,Provider-7,73,73,310,20,0,39,98,15,64,59,35,21,4,0,0,0,5,-5,0,0,2
,Provider-9,48,36,37,4,0,16,32,3,17,11,17,6,1,23,0,0,0,-6,1,1,0
,Provider-11,57,56,214,88,3,67,242,49,147,155,122,53,34,32,10,0,10,8,0,0,2
,Provider-152,34,34,34,0,0,14,23,1,12,5,10,3,2,2,0,0,0,-7,0,0,0
,Provider-136,43,0,0,0,0,0,0,0,0,0,0,0,0,0,0,211,0,0,0,0,0
,Provider-13,50,49,223,1,0,54,96,9,41,27,50,8,11,2,0,0,1,-14,0,0,0
,Provider-14,95,0,0,0,0,0,0,0,0,0,0,0,0,0,0,225,0,0,4,0,0
,Provider-153,19,19,55,19,0,2,42,1,27,33,19,18,7,0,0,0,0,6,0,0,0
,Provider-15,239,239,158,15,0,49,65,8,41,31,19,15,11,0,3,0,0,-10,2,0,0
,Provider-16,18,0,0,0,0,0,0,0,0,0,0,0,0,0,0,56,0,0,0,0,0
,Provider-115,275,0,0,0,0,0,0,0,0,0,0,0,1,0,0,281,0,0,0,0,0
,Provider-116,42,38,198,45,4,14,146,8,65,62,93,50,23,1,0,0,9,-3,0,0,1
,Provider-154,13,0,0,0,0,0,0,0,0,0,0,0,0,0,0,13,0,0,0,0,0
,Provider-141,93,0,0,0,0,0,0,0,0,0,0,0,69,0,0,153,0,0,0,0,0
,Provider-17,56,56,123,32,0,17,55,7,33,26,27,31,4,1,0,0,1,-7,0,1,1
,Provider-18,63,65,278,5,0,10,68,18,42,36,36,2,11,61,0,0,8,-6,1,0,1
,Provider-122,70,71,129,19,0,52,101,4,53,51,43,31,1,1,0,0,10,-2,0,0,0
,Provider-19,23,22,266,34,2,19,78,14,41,47,52,60,2,0,0,0,22,6,0,0,0
,Provider-130,17,0,0,0,0,0,0,0,0,0,0,0,0,0,0,89,0,0,0,0,0
,Provider-155,24,23,66,0,0,1,35,5,16,5,19,8,1,3,0,0,0,-11,0,0,0
,Provider-123,47,0,0,0,0,0,0,0,0,0,0,0,0,0,0,208,0,0,0,1,1
,Provider-20,72,66,251,11,4,35,98,20,56,46,44,49,9,17,0,0,7,-10,0,0,0
,Provider-21,2,5,4845,2,0,55,59,59,38,75,30,40,131,15,1,0,0,37,1,3,1
,Provider-22,29,24,416,0,1,72,85,12,34,18,53,3,8,0,0,0,0,-16,3,0,0
,Provider-23,33,31,177,17,2,5,29,17,19,22,23,21,8,9,1,0,6,3,0,0,0
,Provider-142,5,0,0,0,0,0,0,0,0,0,0,0,0,0,0,57,0,0,0,0,0
,Provider-24,25,21,130,49,7,36,154,0,89,81,112,39,36,0,1,0,2,-8,0,0,0
,Provider-25,124,122,107,25,0,47,55,3,10,50,37,27,4,30,0,0,6,40,0,0,0
,Provider-26,50,33,178,22,0,21,111,13,59,46,51,29,36,8,2,0,29,-13,0,0,0
,Provider-131,51,50,193,9,0,35,30,4,24,25,10,15,5,0,0,0,12,1,0,0,0
,Provider-156,3,2,17,3,0,0,7,0,5,2,6,4,0,0,0,0,0,-3,0,0,0
,Provider-108,6,6,67,1,0,3,10,1,8,6,1,0,5,3,0,0,6,-2,0,0,0
,Provider-28,29,0,0,0,0,0,0,0,0,0,0,0,0,0,0,215,0,0,0,0,0
,Provider-102,80,0,0,0,0,0,0,0,0,0,0,0,0,0,0,248,0,0,0,0,0
,Provider-30,96,0,0,0,0,0,0,0,0,0,0,0,0,0,0,326,0,0,0,0,1
,Provider-31,81,81,189,14,0,43,79,4,44,21,38,26,6,2,2,0,0,-23,0,0,0
,Provider-32,0,0,0,0,0,0,0,0,0,0,0,0,0,0,0,90,0,0,0,0,0
,Provider-33,33,33,28,0,0,1,1,0,1,0,1,0,0,0,0,0,0,-1,0,0,0
,Provider-124,57,0,0,0,0,0,0,0,0,0,0,0,0,0,0,263,0,0,0,0,0
,Provider-103,18,0,0,0,0,0,0,0,0,0,0,0,0,0,0,168,0,0,0,0,0
,Provider-109,51,50,198,22,0,67,126,5,76,34,69,25,6,0,0,0,4,-42,0,0,0
,Provider-34,55,0,0,0,0,0,0,0,0,0,0,0,0,0,0,230,0,0,0,1,0
,Provider-132,75,70,183,25,0,35,63,5,36,34,31,19,7,0,0,0,6,-2,1,0,3
,Provider-35,110,110,185,11,0,27,70,15,47,35,42,12,10,2,0,0,3,-12,0,0,0
,Provider-36,24,0,0,0,0,0,0,0,0,0,0,0,0,0,0,397,0,0,0,0,0
,Provider-37,32,0,0,0,0,0,0,0,0,0,0,0,0,0,0,313,0,0,0,0,0
,Provider-157,39,0,0,0,0,0,0,0,0,0,0,0,0,0,0,48,0,0,0,0,0
,Provider-39,82,76,378,49,1,56,68,11,37,75,47,67,36,16,2,0,3,38,1,0,0
,Provider-125,184,182,0,0,0,0,0,0,25,11,12,5,0,0,0,0,0,-14,0,0,0
,Provider-110,30,0,0,0,0,0,0,0,0,0,0,0,0,0,0,286,0,0,0,0,0
,Provider-41,77,77,192,30,0,18,45,2,27,51,22,16,5,2,0,0,0,24,1,0,0
,Provider-43,89,85,146,27,1,72,124,16,63,84,46,52,25,12,1,0,19,21,0,0,0
,Provider-104,61,0,0,0,0,0,0,0,0,0,0,0,0,0,0,293,0,0,0,0,0
,Provider-117,16,0,0,0,0,0,0,0,0,0,0,0,0,0,0,93,0,0,0,0,0
,Provider-44,1,0,0,0,0,0,0,0,0,0,0,0,0,0,0,40,0,0,0,0,0
,Provider-45,146,137,406,41,2,31,118,8,92,83,67,27,5,2,2,0,0,-9,0,1,6
,Provider-46,27,0,0,0,0,0,0,0,0,0,0,0,0,3,0,208,0,0,0,0,0
,Provider-47,54,52,259,8,1,13,78,10,40,36,42,18,31,0,0,0,0,-4,2,0,0
,Provider-143,11,0,0,0,0,0,0,0,0,0,0,0,0,0,0,22,0,0,0,0,0
,Provider-52,108,149,324,18,0,161,78,7,59,75,12,10,21,30,1,0,0,16,0,0,3
,Provider-53,63,61,171,29,0,14,77,18,42,47,47,33,21,8,1,0,1,5,0,0,0
,Provider-144,177,176,159,21,4,75,164,27,100,78,108,13,2,28,0,0,3,-22,1,0,0
,Provider-54,51,47,171,39,5,29,98,5,60,63,47,71,27,0,0,0,4,3,0,0,2
,Provider-111,9,0,0,0,0,0,0,0,0,0,0,0,0,0,0,113,0,0,0,0,0
,Provider-55,271,20,0,0,0,0,0,2,71,36,55,12,1,0,0,0,0,-35,0,0,0
,Provider-56,267,268,247,29,1,3,97,11,69,79,50,22,3,0,2,0,0,10,0,0,1
,Provider-57,8,0,0,0,0,0,0,0,0,0,0,0,0,0,0,188,0,0,0,0,0
,Provider-145,43,39,116,3,0,24,33,6,21,21,13,5,8,3,1,0,0,0,0,0,0
,Provider-146,105,99,264,32,0,34,126,38,93,49,61,45,26,16,2,0,4,-44,0,0,3
,Provider-126,58,55,120,70,3,32,62,3,55,83,28,58,8,0,3,0,31,28,0,1,2
,Provider-59,64,64,231,21,0,26,83,18,47,48,49,29,36,7,0,0,1,1,0,0,2
,Provider-60,252,0,0,0,0,0,0,0,0,0,0,0,10,2,0,253,0,0,0,2,2
,Provider-61,110,99,306,32,1,100,80,14,54,57,36,21,21,13,2,0,0,3,0,0,0
,Provider-62,29,29,175,103,0,13,68,19,58,70,45,76,17,0,1,0,20,12,0,0,1
,Provider-63,37,37,65,0,0,41,119,0,72,22,55,14,0,13,0,0,0,-50,0,0,0
,Provider-137,85,80,179,8,0,56,50,2,32,33,26,11,19,11,1,0,1,1,0,1,0
,Provider-65,27,25,139,30,0,6,53,9,28,30,38,33,7,5,0,0,4,2,0,0,1
,Provider-66,16,0,0,0,0,0,0,0,0,0,0,0,0,0,0,233,0,0,0,0,0
,Provider-127,49,47,207,3,0,28,89,3,52,15,39,4,9,1,0,0,8,-37,0,0,0
,Provider-158,3,3,11,0,0,8,12,0,10,7,3,0,1,3,0,0,3,-3,0,0,0
,Provider-67,112,95,270,36,0,112,113,15,56,97,40,36,15,73,1,0,0,41,1,1,3
,Provider-147,113,0,0,0,0,0,0,0,0,0,0,0,0,14,0,168,0,0,0,0,0
,Provider-69,61,60,285,9,0,15,83,12,61,33,36,12,3,3,0,0,9,-28,0,0,0
,Provider-112,96,96,95,6,0,98,91,33,56,70,22,20,13,125,0,0,0,14,0,1,1
,Provider-70,13,12,177,0,0,7,47,9,20,22,26,3,48,4,0,0,1,2,1,0,0
,Provider-71,55,52,210,23,0,46,58,6,29,47,41,14,9,2,0,0,0,18,1,0,0
,Provider-72,31,31,131,13,2,7,38,6,30,24,20,16,8,0,0,0,19,-6,0,0,0
,Provider-74,48,44,277,9,0,19,71,12,33,43,44,26,9,17,1,0,10,10,0,2,0
,Provider-75,22,0,0,0,0,0,0,0,0,0,0,0,0,0,0,198,0,0,0,0,0
,Provider-76,106,103,325,17,0,15,80,10,77,56,33,25,11,10,0,0,0,-21,0,0,1
,Provider-159,14,14,26,1,0,10,15,1,6,1,10,1,1,1,0,0,2,-5,0,0,0
,Provider-128,7,0,0,0,0,0,0,0,0,0,0,0,0,0,0,229,0,0,0,0,0
,Provider-118,46,43,130,21,1,44,61,4,34,38,38,12,8,7,0,0,4,4,0,0,0
,Provider-77,86,78,228,59,5,97,183,30,109,54,111,81,25,21,1,0,0,-55,4,1,0
,Provider-78,32,23,183,25,0,39,47,15,24,17,36,29,16,1,1,0,4,-7,0,0,0
,Provider-79,37,37,101,1,0,11,58,9,34,20,30,2,12,0,0,0,6,-14,0,0,1
,Provider-160,4,0,0,0,0,0,0,0,0,0,0,0,0,1,0,4,0,0,0,0,0
,Provider-129,62,60,226,33,0,183,155,8,23,68,125,28,8,0,0,0,11,45,0,0,0
,Provider-81,211,0,0,0,0,0,0,0,0,0,0,0,16,50,0,211,0,0,1,1,1
,Provider-119,46,43,199,11,0,1,35,0,25,25,11,13,5,0,0,0,11,0,1,0,0
,Provider-83,62,0,0,0,0,0,0,0,0,0,0,0,0,0,0,361,0,0,0,0,0
,Provider-84,57,55,193,39,0,15,88,21,51,65,74,30,23,5,0,0,5,14,3,1,1
,Provider-106,75,73,365,35,1,26,146,13,93,42,65,40,35,20,0,0,29,-51,0,0,1
,Provider-85,51,0,0,0,0,0,0,0,0,0,0,0,0,0,0,235,0,0,0,0,0
,Provider-121,39,0,0,0,0,0,0,0,0,0,0,0,0,0,0,252,0,0,0,0,0
,Provider-86,40,0,0,0,0,0,0,0,0,0,0,0,0,0,0,327,0,0,0,0,0
,Provider-87,243,204,48,7,2,235,61,30,27,52,38,27,29,316,4,0,1,25,0,7,2
,Provider-88,189,0,0,0,0,0,0,0,0,0,0,0,0,0,0,198,0,0,0,0,0
,Provider-139,20,0,0,0,0,0,0,0,0,0,0,0,0,0,0,64,0,0,0,0,0
,Provider-89,38,37,104,14,0,14,63,16,32,36,31,20,11,5,0,0,0,4,0,0,0
,Provider-148,59,59,80,19,0,7,36,6,53,42,17,18,5,15,0,0,1,-11,0,1,0
,Provider-90,24,25,76,1,0,2,7,0,6,2,4,2,0,0,0,0,11,-4,0,0,0
,Provider-161,0,0,1,0,0,0,0,0,0,0,0,0,0,0,0,0,4,0,0,0,0
,Provider-91,12,11,80,1,0,9,13,5,12,6,2,3,3,3,0,0,2,-6,0,0,0
,Provider-113,6,3,24,0,0,1,3,0,1,0,2,0,3,1,0,0,0,-1,0,0,0
,Provider-92,67,64,124,6,0,15,38,6,17,2,23,11,0,22,0,0,7,-15,0,0,0
,Provider-93,53,53,222,58,0,36,65,6,38,55,35,33,1,0,0,0,19,17,0,0,1
,Provider-94,69,69,184,52,2,31,96,6,32,77,57,69,5,24,1,0,3,45,0,1,1
,Provider-95,30,29,243,15,0,25,102,21,41,41,58,20,14,2,0,0,6,0,0,1,3
,Provider-96,37,34,205,22,0,25,97,3,52,32,53,29,6,1,0,0,8,-20,0,0,0
,Provider-97,29,0,0,0,0,0,0,0,0,0,0,0,0,0,0,169,0,0,0,0,0
,Provider-149,50,49,60,53,1,6,30,2,14,25,18,43,3,0,0,0,0,11,0,0,0
,Provider-150,7,0,0,0,0,0,0,0,0,0,0,0,0,0,0,64,0,0,0,0,0
,Provider-99,87,75,249,26,0,41,135,33,57,84,63,40,32,7,1,0,3,27,0,0,3
,Provider-100,8166,5023,18642,1698,56,2868,5895,867,3495,3372,3201,1960,1242,1242,49,9160,425,-123,30,29,55
,Provider-0,5,0,0,0,0,0,0,0,0,0,0,0,0,0,0,271,0,0,0,0,0
,Provider-134,22,0,0,0,0,0,0,0,0,0,0,0,0,0,0,103,0,0,0,0,0
,Provider-2,90,0,0,0,0,0,0,0,0,0,0,0,0,0,0,248,0,0,0,0,0
,Provider-3,12,0,0,0,0,0,0,0,0,0,0,0,0,0,0,228,0,0,0,0,0
,Provider-4,180,0,0,0,0,0,0,0,0,0,0,0,76,33,0,181,0,0,0,0,0
,Provider-135,42,0,0,0,0,0,0,0,0,0,0,0,1,0,0,273,0,0,0,0,0
,Provider-151,64,0,0,0,0,0,0,0,0,0,0,0,0,10,0,178,0,0,0,0,0
,Provider-114,25,0,0,0,0,0,0,0,0,0,0,0,0,0,0,114,0,0,0,0,0
,Provider-140,28,0,0,0,0,0,0,0,0,0,0,0,0,0,0,51,0,0,0,0,0
,Provider-7,64,59,329,16,1,23,69,14,30,32,38,18,6,0,0,0,12,2,1,0,0
,Provider-9,50,45,130,4,0,51,40,7,24,19,28,7,14,24,0,0,0,-5,1,1,0
,Provider-11,61,60,288,28,1,54,217,25,105,113,116,34,24,23,5,0,8,8,0,0,0
,Provider-152,59,60,76,6,1,18,31,5,19,20,13,9,0,9,0,0,0,1,0,0,0
,Provider-136,64,0,0,0,0,0,0,0,0,0,0,0,0,0,0,264,0,0,0,0,0
,Provider-13,60,54,256,7,0,95,112,14,67,37,50,9,12,0,0,0,1,-30,0,0,0
,Provider-14,102,0,0,0,0,0,0,0,0,0,0,0,0,1,0,206,0,0,1,0,0
,Provider-153,28,27,64,103,6,5,56,0,46,79,39,80,7,0,1,0,0,33,0,0,0
,Provider-15,262,263,176,9,0,60,60,6,24,30,27,11,3,1,1,0,0,6,0,0,0
,Provider-16,26,0,0,0,0,0,0,0,0,0,0,0,0,0,0,75,0,0,0,0,0
,Provider-115,184,0,0,0,0,0,0,0,0,0,0,0,1,0,0,184,0,0,0,0,0
,Provider-116,46,46,224,41,4,38,126,12,65,69,72,44,15,3,0,0,25,4,0,0,0
,Provider-154,43,0,0,0,0,0,0,0,0,0,0,0,3,0,0,54,0,0,0,0,0
,Provider-141,61,1,0,0,0,0,0,0,0,0,0,0,32,0,0,160,0,0,0,0,0
,Provider-17,50,50,149,27,0,13,63,8,41,11,21,41,5,0,2,0,10,-30,0,0,0
,Provider-18,36,37,210,22,0,7,45,8,33,49,23,16,1,34,1,0,3,16,0,0,2
,Provider-122,89,87,115,47,0,70,147,6,89,68,76,53,7,1,0,0,32,-21,1,0,0
,Provider-19,5,5,59,3,0,3,20,0,7,9,13,10,1,1,0,0,2,2,0,0,0
,Provider-130,38,0,0,0,0,0,0,0,0,0,0,0,0,0,0,75,0,0,0,0,0
,Provider-155,85,57,274,34,0,7,142,12,82,78,92,35,9,12,0,0,4,-4,0,0,0
,Provider-123,24,0,0,0,0,0,0,0,0,0,0,0,0,0,0,107,0,0,0,0,0
,Provider-162,1,1,1,0,0,0,0,0,0,0,0,0,0,1,0,0,0,0,0,0,0
,Provider-20,42,40,182,9,1,35,112,13,61,28,53,19,12,17,0,0,9,-33,0,0,0
,Provider-21,2,7,4858,6,0,66,38,52,23,78,33,38,116,12,2,0,0,55,0,5,0
,Provider-22,26,23,417,0,0,74,98,28,33,17,51,22,9,0,0,0,0,-16,1,0,0
,Provider-142,17,0,0,0,0,0,0,0,0,0,0,0,0,0,0,115,0,0,0,0,0
,Provider-24,38,30,152,58,5,43,185,12,109,104,108,40,37,2,3,0,6,-5,1,0,0
,Provider-25,122,122,127,26,0,69,50,3,14,59,29,15,3,48,0,0,2,45,0,0,0
,Provider-163,67,0,0,0,0,0,0,0,0,0,0,0,0,0,0,135,0,0,0,0,0
,Provider-26,79,64,250,33,0,44,114,12,61,79,50,20,33,10,0,0,8,18,0,1,2
,Provider-131,53,50,207,6,0,71,50,7,26,10,26,8,2,2,0,0,14,-16,0,0,0
,Provider-156,90,89,70,8,0,13,35,2,28,7,13,11,4,9,0,0,0,-21,0,0,0
,Provider-108,18,16,119,0,0,25,28,14,14,11,6,10,5,3,0,0,7,-3,0,0,0
,Provider-28,25,0,0,0,0,0,0,0,0,0,0,0,0,0,0,279,0,0,0,0,0
,Provider-102,98,0,0,0,0,0,0,0,0,0,0,0,0,0,0,252,0,0,0,0,1
,Provider-30,113,0,0,0,0,0,0,0,0,0,0,0,0,0,0,377,0,0,0,0,0
,Provider-31,67,66,174,14,0,37,90,9,49,25,40,27,8,1,2,0,6,-24,0,0,0
,Provider-32,2,0,0,0,0,0,0,0,0,0,0,0,0,0,0,94,0,0,0,0,0
,Provider-33,33,33,29,2,0,1,4,0,1,0,1,1,0,0,0,0,0,-1,0,0,0
,Provider-124,37,0,0,0,0,0,0,0,0,0,0,0,0,0,0,266,0,0,0,0,0
,Provider-103,1,0,0,0,0,0,0,0,0,0,0,0,0,0,0,58,0,0,0,0,0
,Provider-109,84,84,239,20,0,125,152,5,84,57,95,42,11,0,1,0,8,-27,1,0,0
,Provider-34,8,0,0,0,0,0,0,0,0,0,0,0,0,0,0,70,0,0,0,0,0
,Provider-132,42,41,194,42,0,13,51,6,29,40,24,30,2,0,0,0,4,11,0,0,0
,Provider-35,64,63,139,9,0,14,67,15,44,26,28,12,6,5,1,0,0,-18,0,0,0
,Provider-36,54,0,0,0,0,0,0,0,0,0,0,0,0,0,0,394,0,0,0,0,0
,Provider-37,30,0,0,0,0,0,0,0,0,0,0,0,0,0,0,341,0,0,0,0,0
,Provider-157,197,0,0,0,0,0,0,0,0,0,0,0,0,0,0,202,0,0,0,0,0
,Provider-39,69,73,378,35,3,50,78,9,49,75,43,38,16,18,1,0,0,26,1,0,2
,Provider-125,171,167,0,0,0,0,0,0,30,11,16,10,0,0,0,0,0,-19,0,0,0
,Provider-110,21,0,0,0,0,0,0,0,0,0,0,0,0,0,0,318,0,0,0,0,0
,Provider-41,70,67,275,9,1,19,56,6,34,32,31,11,6,3,1,0,0,-2,0,0,0
,Provider-43,88,85,158,27,0,59,139,13,73,91,59,39,21,17,0,0,3,18,0,0,1
,Provider-104,41,0,0,0,0,0,0,0,0,0,0,0,0,0,0,296,0,0,0,0,0
,Provider-117,34,0,0,0,0,0,0,0,0,0,0,0,0,0,0,190,0,0,0,0,0
,Provider-44,1,0,0,0,0,0,0,0,0,0,0,0,0,0,0,15,0,0,0,0,0
,Provider-45,143,138,373,30,0,37,118,4,107,52,60,27,8,0,0,0,0,-55,0,1,6
,Provider-46,34,0,0,0,0,0,0,0,0,0,0,0,0,1,0,214,0,0,0,0,0
,Provider-47,68,62,372,18,1,31,64,6,37,49,30,7,38,1,0,0,0,12,1,0,0
,Provider-52,151,179,397,19,0,181,81,5,60,88,21,7,17,50,1,0,0,28,0,0,2
,Provider-53,31,30,116,6,0,6,46,5,28,26,23,15,12,6,0,0,34,-2,0,0,0
,Provider-144,44,40,101,12,1,68,94,15,62,54,51,7,9,15,0,0,0,-8,0,0,0
,Provider-54,53,54,179,43,0,34,109,3,51,63,66,62,23,1,0,0,11,12,0,0,0
,Provider-111,3,0,0,0,0,0,0,0,0,0,0,0,0,0,0,107,0,0,0,0,0
,Provider-55,293,26,0,0,0,0,0,2,60,42,50,14,0,0,0,0,0,-18,0,0,0
,Provider-56,393,392,332,14,1,1,104,14,72,53,51,8,9,2,4,0,0,-19,0,3,1
,Provider-57,5,0,0,0,0,0,0,0,0,0,0,0,0,0,0,200,0,0,0,0,0
,Provider-145,44,43,112,2,0,35,39,13,34,19,7,1,10,8,0,0,0,-15,0,0,0
,Provider-146,114,111,177,36,0,14,69,23,54,40,48,41,22,4,1,0,8,-14,0,0,0
,Provider-164,21,21,36,2,0,13,35,8,26,11,9,3,0,5,0,0,0,-15,0,0,0
,Provider-126,34,27,134,85,4,40,99,7,56,59,64,110,9,0,3,0,3,3,0,2,3
,Provider-59,60,58,215,25,0,23,62,11,47,53,30,23,30,9,0,0,1,6,0,0,0
,Provider-60,203,0,0,0,0,0,0,0,0,0,0,0,2,0,0,203,0,0,0,1,3
,Provider-61,119,112,311,29,0,82,84,12,61,76,36,16,12,23,1,0,3,15,0,0,0
,Provider-62,48,46,199,83,0,7,96,18,54,55,61,85,3,0,0,0,45,1,0,1,0
,Provider-63,47,47,97,0,1,40,136,1,91,18,68,23,0,6,0,0,0,-73,0,0,0
,Provider-137,48,45,198,2,1,37,56,2,36,14,25,9,13,5,1,0,9,-22,0,0,0
,Provider-65,33,29,132,22,2,7,82,11,43,18,48,34,9,7,0,0,2,-25,0,0,3
,Provider-66,21,0,0,0,0,0,0,0,0,0,0,0,0,0,0,256,0,0,0,0,0
,Provider-127,22,20,164,23,0,13,76,2,44,29,37,8,2,1,0,0,15,-15,0,0,0
,Provider-158,7,6,49,8,0,33,68,3,37,31,27,6,1,3,0,0,4,-6,0,0,0
,Provider-67,92,86,284,22,0,109,128,16,61,63,62,19,13,74,0,0,1,2,0,1,0
,Provider-147,117,0,0,0,0,0,0,0,0,0,0,0,0,1,0,164,0,0,1,1,1
,Provider-69,62,63,316,15,0,21,94,7,50,43,51,7,0,3,1,0,5,-7,0,0,0
,Provider-112,123,121,163,7,1,122,149,70,106,68,44,32,33,235,0,0,0,-38,0,2,2
,Provider-71,87,69,288,15,0,116,68,6,28,35,47,13,11,0,1,0,0,7,0,0,0
,Provider-72,87,87,225,48,2,11,92,13,70,58,39,38,14,0,2,0,3,-12,0,0,0
,Provider-74,58,57,295,10,1,17,49,4,30,32,39,21,8,15,3,0,2,2,0,0,1
,Provider-75,18,0,0,0,0,0,0,0,0,0,0,0,0,0,0,192,0,0,0,0,0
,Provider-76,113,110,327,20,0,14,94,16,94,65,42,20,8,3,0,0,4,-29,0,0,0
,Provider-159,35,34,96,7,0,13,43,1,25,22,24,16,3,5,0,0,6,-3,0,0,0
,Provider-128,13,0,0,0,0,0,0,0,0,0,0,0,0,0,0,286,0,0,0,0,0
,Provider-118,39,33,92,33,0,80,96,4,66,29,40,40,21,5,0,0,5,-37,0,0,0
,Provider-77,130,106,220,29,2,217,160,8,73,49,84,53,34,39,1,0,2,-24,5,2,0
,Provider-78,85,56,146,20,0,40,58,6,34,27,34,21,8,5,0,0,0,-7,0,0,0
,Provider-165,3,3,2,0,0,0,0,0,0,0,0,0,0,0,0,0,0,0,0,0,0
,Provider-79,59,57,149,6,0,25,42,12,26,24,20,2,16,0,0,0,3,-2,0,0,0
,Provider-160,35,0,0,0,0,0,0,0,0,0,0,0,0,0,0,72,0,0,0,0,0
,Provider-129,63,60,228,50,2,188,129,10,31,53,90,63,7,0,1,0,14,22,0,0,1
,Provider-81,275,0,0,0,0,0,0,0,0,0,0,0,32,89,0,276,0,0,1,1,1
,Provider-119,35,32,224,4,0,2,22,0,19,11,7,6,2,0,0,0,11,-8,0,0,0
,Provider-166,20,0,0,0,0,0,0,0,0,0,0,0,0,0,0,81,0,0,0,0,0
,Provider-83,32,0,0,0,0,0,0,0,0,0,0,0,0,0,0,342,0,0,0,0,0
,Provider-84,39,35,192,34,1,24,64,10,31,35,57,28,12,5,1,0,7,4,0,0,3
,Provider-106,146,140,332,31,0,34,120,13,90,45,65,26,71,39,2,0,22,-45,0,0,0
,Provider-85,63,0,0,0,0,0,0,0,0,0,0,0,0,0,0,268,0,0,0,0,0
,Provider-121,42,0,0,0,0,0,0,0,0,0,0,0,0,0,0,265,0,0,0,0,0
,Provider-86,42,0,0,0,0,0,0,0,0,0,0,0,0,0,0,347,0,0,0,0,0
,Provider-87,263,186,39,1,3,263,72,28,40,65,38,5,24,237,6,0,2,25,4,7,1
,Provider-88,139,0,0,0,0,0,0,0,0,0,0,0,0,0,0,170,0,0,0,0,0
,Provider-139,13,0,0,0,0,0,0,0,0,0,0,0,0,0,0,84,0,0,0,0,0
,Provider-89,25,24,78,12,0,15,61,19,31,28,28,20,6,3,1,0,0,-3,0,1,0
,Provider-148,92,90,165,18,0,21,100,6,89,44,44,16,9,42,1,0,11,-45,0,0,0
,Provider-90,17,15,75,5,0,3,11,1,10,9,7,6,2,1,0,0,20,-1,0,0,0
,Provider-161,29,25,42,2,0,8,13,1,7,5,7,5,4,5,0,0,1,-2,0,0,1
,Provider-92,43,36,176,16,1,13,45,5,34,9,24,29,9,20,0,0,13,-25,0,0,0
,Provider-93,70,51,195,53,0,56,44,3,25,48,18,42,1,1,1,0,16,23,0,0,0
,Provider-94,93,91,233,34,2,42,64,6,33,32,28,48,4,31,0,0,1,-1,0,1,2
,Provider-95,30,30,241,25,0,34,95,18,43,39,49,23,10,4,1,0,6,-4,1,0,4
,Provider-96,31,29,187,23,0,28,93,3,43,28,60,34,3,0,0,0,25,-15,0,0,0
,Provider-97,53,0,0,0,0,0,0,0,0,0,0,0,0,0,0,131,0,0,0,0,0
,Provider-149,48,48,95,38,0,9,55,7,39,34,27,38,12,0,1,0,0,-5,1,0,0
,Provider-150,6,0,0,0,0,0,0,0,0,0,0,0,0,0,0,94,0,0,0,0,0
,Provider-99,89,85,239,10,0,49,114,20,46,77,62,24,10,14,2,0,3,31,0,0,1
,Provider-100,8803,5317,19357,1698,49,3478,6168,801,3728,3291,3263,1961,1124,1124,57,9926,482,-437,22,31,44
,Provider-0,12,0,0,0,0,0,0,0,0,0,0,0,0,1,0,234,0,0,1,0,0
,Provider-134,9,0,0,0,0,0,0,0,0,0,0,0,0,0,0,99,0,0,0,0,0
,Provider-2,69,0,0,0,0,0,0,0,0,0,0,0,0,0,0,236,0,0,0,0,0
,Provider-3,27,0,0,0,0,0,0,0,0,0,0,0,0,0,0,342,0,0,0,0,0
,Provider-4,131,0,0,0,0,0,0,0,0,0,0,0,51,25,0,131,0,0,0,0,0
,Provider-135,35,0,0,0,0,0,0,0,0,0,0,0,0,0,0,164,0,0,0,0,0
,Provider-151,24,0,0,0,0,0,0,0,0,0,0,0,0,0,0,121,1,0,0,0,0
,Provider-114,29,0,0,0,0,0,0,0,0,0,0,0,0,0,0,70,0,0,0,0,0
,Provider-140,29,0,0,0,0,0,0,0,0,0,0,0,0,0,0,50,0,0,0,0,0
,Provider-7,65,66,191,22,1,18,54,4,36,37,23,28,4,0,0,0,1,1,0,0,0
,Provider-9,41,39,131,3,0,45,42,5,26,20,30,4,13,23,0,0,3,-6,0,0,0
,Provider-11,51,50,266,61,0,39,191,30,123,121,100,55,16,26,2,0,4,-2,0,0,0
,Provider-152,75,74,145,24,0,30,72,7,62,59,27,34,4,10,3,0,0,-3,0,0,0
,Provider-136,66,0,0,0,0,0,0,0,0,0,0,0,0,0,0,269,0,0,0,0,0
,Provider-13,65,59,238,6,0,82,90,7,35,40,54,6,5,5,1,0,4,5,0,0,0
,Provider-14,60,0,0,0,0,0,0,0,0,0,0,0,0,0,0,134,0,0,3,0,0
,Provider-153,84,83,76,42,2,9,124,0,59,80,97,69,7,0,0,0,2,21,0,0,0
,Provider-15,362,360,199,17,0,87,84,4,47,44,37,24,16,2,1,0,1,-3,0,0,0
,Provider-16,25,0,0,0,0,0,0,0,0,0,0,0,0,0,0,58,0,0,0,0,0
,Provider-115,98,0,0,0,0,0,0,0,0,0,0,0,0,0,0,100,0,0,0,0,0
,Provider-116,29,30,138,27,2,23,94,9,36,40,67,32,10,3,0,0,12,4,1,0,0
,Provider-154,64,0,0,0,0,0,0,0,0,0,0,0,5,2,0,65,0,0,0,0,0
,Provider-141,51,0,0,0,0,0,0,0,0,0,0,0,15,1,0,161,0,0,0,0,0
,Provider-17,47,47,119,24,0,12,41,3,27,26,13,26,5,0,0,0,5,-1,1,1,1
,Provider-18,61,60,214,6,1,10,56,5,33,43,25,6,5,46,0,0,3,10,0,0,2
,Provider-122,66,65,77,73,0,44,199,22,82,124,144,40,2,1,0,0,13,42,0,0,0
,Provider-19,33,32,248,24,3,12,64,7,30,27,34,46,3,0,2,0,8,-3,0,0,0
,Provider-167,2,0,0,0,0,0,0,0,0,0,0,0,0,0,0,4,0,0,1,0,0
,Provider-130,13,0,0,0,0,0,0,0,0,0,0,0,0,0,0,75,0,0,0,0,0
,Provider-155,60,54,294,58,0,12,160,20,75,79,106,54,3,3,2,0,23,4,0,0,0
,Provider-123,39,0,0,0,0,0,0,0,0,0,0,0,0,0,0,145,0,0,0,0,0
,Provider-20,48,43,195,16,0,26,71,9,42,35,37,29,6,9,0,0,7,-7,0,0,0
,Provider-21,0,7,6044,3,0,53,41,87,24,78,32,30,104,9,1,0,0,54,0,4,0
,Provider-22,43,46,471,0,0,76,88,11,47,18,42,10,9,0,1,0,1,-29,1,0,0
,Provider-142,70,0,0,0,0,0,0,0,0,0,0,0,1,1,0,169,0,0,2,0,0
,Provider-24,33,26,148,37,0,28,179,9,85,82,127,24,19,3,0,0,4,-3,0,0,0
,Provider-25,126,126,138,23,0,80,54,9,14,44,35,13,2,34,0,0,0,30,0,0,0
,Provider-163,40,0,0,0,0,0,0,0,0,0,0,0,0,0,0,222,0,0,0,0,0
,Provider-26,52,39,226,30,0,69,120,16,54,55,63,19,33,8,0,0,11,1,0,0,0
,Provider-131,67,67,165,6,2,58,42,6,27,15,17,9,5,0,0,0,15,-12,0,0,0
,Provider-156,24,26,93,4,0,7,28,0,20,4,11,8,2,4,0,0,0,-16,0,1,0
,Provider-108,31,30,151,2,0,29,38,24,28,9,12,5,2,2,0,0,14,-19,0,0,0
,Provider-28,21,0,0,0,0,0,0,0,0,0,0,0,0,0,0,230,0,0,0,0,0
,Provider-102,112,0,0,0,0,0,0,0,0,0,0,0,0,0,0,266,0,0,0,0,0
,Provider-30,98,0,0,0,0,0,0,0,0,0,0,0,0,0,0,270,0,0,0,0,0
,Provider-31,69,69,174,9,0,23,101,12,52,31,51,16,2,0,0,0,4,-21,0,0,0
,Provider-32,1,0,0,0,0,0,0,0,0,0,0,0,0,0,0,94,0,0,0,0,0
,Provider-33,28,28,25,0,0,0,2,0,1,0,1,0,0,0,0,0,0,-1,0,0,0
,Provider-124,50,0,0,0,0,0,0,0,0,0,0,0,0,0,0,252,0,0,0,0,0
,Provider-109,61,61,234,27,0,69,93,5,46,40,63,28,6,0,0,0,1,-6,0,0,0
,Provider-132,58,55,167,10,0,10,26,6,14,7,13,11,3,0,0,0,10,-7,0,0,0
,Provider-35,59,58,117,3,0,22,71,24,45,12,27,14,4,0,0,0,6,-33,0,0,0
,Provider-168,24,0,0,0,0,0,0,0,0,0,0,0,2,0,0,24,0,0,0,0,0
,Provider-36,11,0,0,0,0,0,0,0,0,0,0,0,0,0,0,419,0,0,1,0,1
,Provider-37,34,0,0,0,0,0,0,0,0,0,0,0,0,0,0,314,0,0,0,0,0
,Provider-157,236,0,0,0,0,0,0,0,0,0,0,0,0,0,0,239,0,0,0,0,0
,Provider-39,112,86,390,48,2,85,76,15,52,79,45,43,19,18,2,0,0,27,0,0,0
,Provider-125,178,176,0,0,0,0,0,0,37,14,11,11,0,0,0,0,0,-23,0,0,0
,Provider-110,25,0,0,0,0,0,0,0,0,0,0,0,0,0,0,289,0,0,0,0,0
,Provider-41,41,5,52,16,1,53,26,1,19,26,10,8,4,0,2,0,0,7,0,0,0
,Provider-169,10,9,21,0,0,5,4,0,2,3,2,2,0,0,0,0,0,1,0,0,0
,Provider-43,65,65,150,24,4,61,129,14,66,70,53,34,27,14,1,0,13,4,0,0,0
,Provider-170,4,4,1,1,0,0,4,0,4,0,0,0,0,0,0,0,0,-4,0,0,0
,Provider-104,41,0,0,0,0,0,0,0,0,0,0,0,0,0,0,302,0,0,0,0,0
,Provider-117,42,0,0,0,0,0,0,0,0,0,0,0,0,0,0,184,0,0,0,0,0
,Provider-44,1,0,0,0,0,0,0,0,0,0,0,0,0,0,0,53,0,0,0,0,0
,Provider-45,111,110,327,26,0,37,82,8,83,45,43,14,8,3,0,0,3,-38,1,0,2
,Provider-46,32,0,0,0,0,0,0,0,0,0,0,0,0,3,0,242,0,0,0,0,1
,Provider-47,58,53,355,10,0,29,67,6,30,45,39,4,34,2,0,0,0,15,1,1,0
,Provider-52,148,192,466,23,0,162,109,16,85,99,28,16,26,51,3,0,0,14,1,5,2
,Provider-53,48,47,179,12,0,12,93,17,50,50,57,23,22,1,0,0,0,0,0,0,0
,Provider-144,93,92,163,4,0,171,132,20,82,22,67,6,3,26,4,0,8,-60,2,0,0
,Provider-54,50,51,163,33,3,23,78,8,49,41,53,48,26,0,0,0,2,-8,1,2,1
,Provider-111,0,0,0,0,0,0,0,0,0,0,0,0,0,0,0,84,0,0,0,0,0
,Provider-55,324,31,0,0,0,0,0,3,78,46,58,10,0,0,0,0,0,-32,0,0,0
,Provider-56,347,347,314,10,0,3,82,15,64,44,33,20,5,3,5,0,1,-20,0,0,0
,Provider-57,8,0,0,0,0,0,0,0,0,0,0,0,0,0,0,146,0,0,0,0,0
,Provider-145,41,39,159,2,0,28,33,20,41,21,3,0,14,5,0,0,4,-20,0,0,0
,Provider-146,104,91,302,84,0,33,119,50,103,85,78,80,26,8,4,0,4,-18,0,1,5
,Provider-164,44,32,141,8,0,45,130,12,78,38,45,22,12,14,1,0,5,-40,0,0,0
,Provider-126,35,32,108,92,1,68,108,6,57,95,56,67,8,0,2,0,35,38,0,1,2
,Provider-59,67,65,211,12,0,24,69,14,51,45,29,18,21,9,0,0,4,-6,0,0,0
,Provider-60,280,0,0,0,0,0,0,0,0,0,0,0,5,0,0,281,0,0,0,0,0
,Provider-61,91,87,290,36,0,87,73,19,50,54,39,17,12,18,0,0,0,4,0,0,0
,Provider-62,47,44,149,115,0,18,96,26,55,73,55,105,3,0,0,0,20,18,0,0,0
,Provider-63,42,42,109,0,1,44,133,0,81,29,61,12,0,5,0,0,0,-52,0,0,0
,Provider-137,54,52,184,7,0,37,69,0,32,14,42,9,13,8,1,0,5,-18,1,0,0
,Provider-65,31,30,157,39,0,30,99,19,48,25,72,45,9,10,0,0,0,-23,0,1,2
,Provider-66,13,0,0,0,0,0,0,0,0,0,0,0,0,0,0,255,0,0,0,0,0
,Provider-127,31,30,212,7,2,16,103,4,60,13,50,9,5,0,0,0,0,-47,0,0,0
,Provider-158,10,10,55,8,0,15,39,0,18,18,19,17,1,2,0,0,9,0,0,0,0
,Provider-67,38,34,90,5,0,21,38,7,12,24,23,7,12,18,0,0,11,12,0,0,0
,Provider-147,112,0,0,0,0,0,0,0,0,0,0,0,0,0,0,208,0,0,0,0,0
,Provider-69,77,74,265,9,0,18,94,3,57,42,50,13,2,2,0,0,3,-15,0,0,0
,Provider-112,87,84,130,10,0,68,98,41,73,49,25,23,12,141,0,0,1,-24,0,0,3
,Provider-71,73,72,274,30,1,64,63,0,27,62,45,17,5,1,0,0,6,35,2,0,1
,Provider-72,60,60,218,47,0,19,96,25,61,57,59,38,11,0,0,0,11,-4,0,0,0
,Provider-74,60,59,267,12,1,16,61,5,53,36,39,20,8,11,5,0,2,-17,0,0,0
,Provider-75,27,0,0,0,0,0,0,0,0,0,0,0,0,0,0,181,0,0,0,0,0
,Provider-76,86,88,265,21,1,15,81,8,69,54,34,21,10,4,3,0,0,-15,0,0,0
,Provider-159,32,31,120,19,0,17,38,12,26,24,20,14,2,9,0,0,14,-2,0,0,0
,Provider-128,23,0,0,0,0,0,0,0,0,0,0,0,0,0,0,291,0,0,0,0,0
,Provider-118,22,20,74,23,0,148,92,0,57,22,41,19,7,0,0,0,2,-35,0,0,0
,Provider-77,60,48,218,29,0,172,177,15,77,40,117,42,31,20,2,0,4,-37,4,0,1
,Provider-78,63,48,155,24,0,40,77,13,57,31,34,19,12,3,2,0,0,-26,0,0,0
,Provider-79,54,53,174,31,0,18,66,22,44,48,38,17,21,2,1,0,4,4,0,0,0
,Provider-160,19,0,0,0,0,0,0,0,0,0,0,0,0,0,0,78,0,0,0,0,0
,Provider-129,68,61,227,58,1,164,124,13,58,97,69,64,18,0,0,0,4,39,0,0,1
,Provider-81,238,0,0,0,0,0,0,0,0,0,0,0,33,76,0,238,0,0,1,1,1
,Provider-119,43,41,208,3,0,1,30,1,23,6,7,6,1,0,0,0,28,-17,0,0,0
,Provider-166,66,0,0,0,0,0,0,0,0,0,0,0,0,0,0,271,0,0,0,0,0
,Provider-83,45,0,0,0,0,0,0,0,0,0,0,0,0,0,0,312,0,0,0,0,0
,Provider-84,163,49,237,37,0,23,94,27,36,42,76,30,21,1,0,0,10,6,0,0,1
,Provider-106,62,64,296,20,2,24,116,17,86,35,60,20,33,15,2,0,23,-51,1,1,0
,Provider-85,48,0,0,0,0,0,0,0,0,0,0,0,0,0,0,226,0,0,0,0,0
,Provider-121,46,0,0,0,0,0,0,0,0,0,0,0,0,0,0,329,0,0,0,0,0
,Provider-86,44,0,0,0,0,0,0,0,0,0,0,0,0,0,0,336,0,0,0,0,0
,Provider-87,328,287,54,4,8,206,61,22,29,74,35,4,27,290,0,0,1,45,2,9,5
,Provider-88,198,0,0,0,0,0,0,0,0,0,0,0,0,0,0,204,0,0,0,0,0
,Provider-139,17,0,0,0,0,0,0,0,0,0,0,0,0,0,0,100,0,0,0,0,0
,Provider-89,70,70,76,8,0,9,55,16,40,39,24,17,10,7,1,0,0,-1,0,0,0
,Provider-148,53,52,193,47,0,15,121,16,95,76,70,16,5,32,1,0,16,-19,2,0,0
,Provider-90,14,13,70,10,0,7,12,3,8,12,7,15,2,2,0,0,3,4,0,0,0
,Provider-161,51,48,102,13,3,26,53,7,33,29,25,22,8,11,0,0,13,-4,0,0,0
,Provider-92,37,30,182,18,1,29,46,2,37,15,25,21,5,44,0,0,2,-22,0,0,0
,Provider-93,50,49,170,45,0,67,52,4,33,45,18,37,10,0,0,0,16,12,1,0,0
,Provider-94,59,60,245,33,0,36,75,6,33,45,32,38,5,44,0,0,11,12,0,0,1
,Provider-95,29,30,201,17,0,35,84,16,36,31,45,16,9,2,0,0,8,-5,1,0,3
,Provider-96,41,37,205,23,2,19,83,1,49,26,46,30,6,0,0,0,14,-23,0,0,0
,Provider-97,62,0,0,0,0,0,0,0,0,0,0,0,0,0,0,226,0,0,0,0,0
,Provider-149,48,47,168,79,0,8,51,11,33,47,33,61,16,2,0,0,5,14,0,0,0
,Provider-150,20,0,0,0,0,0,0,0,0,0,0,0,0,0,0,148,0,0,0,0,0
,Provider-99,68,63,231,18,0,49,121,30,35,70,70,38,15,14,0,0,8,35,0,0,1
,Provider-100,8707,5194,20457,1867,45,3393,6337,977,3822,3442,3503,1965,1024,1024,55,9941,486,-380,32,28,37
,Provider-0,7,0,0,0,0,0,0,0,0,0,0,0,0,0,0,224,0,0,0,0,0
,Provider-134,0,0,0,0,0,0,0,0,0,0,0,0,0,0,0,59,0,0,0,0,0
,Provider-2,93,0,0,0,0,0,0,0,0,0,0,0,0,0,0,222,0,0,0,0,0
,Provider-3,23,0,0,0,0,0,0,0,0,0,0,0,0,0,0,317,0,0,0,0,0
,Provider-4,40,0,0,0,0,0,0,0,0,0,0,0,18,9,0,40,0,0,0,0,0
,Provider-135,68,0,0,0,0,0,0,0,0,0,0,0,0,0,0,237,0,0,0,0,0
,Provider-151,57,0,0,0,0,0,0,0,0,0,0,0,1,1,0,224,0,0,2,1,1
,Provider-114,20,0,0,0,0,0,0,0,0,0,0,0,0,0,0,64,0,0,0,0,0
,Provider-140,10,0,0,0,0,0,0,0,0,0,0,0,0,0,0,52,0,0,0,0,0
,Provider-7,42,41,271,24,1,22,59,8,31,40,26,21,5,0,0,0,5,9,0,0,0
,Provider-9,46,42,200,11,0,38,45,14,33,29,29,16,22,25,0,0,6,-4,1,0,0
,Provider-11,60,56,288,34,3,48,187,30,125,110,91,35,31,29,0,0,18,-15,0,0,0
,Provider-152,88,89,201,22,0,31,85,11,70,42,23,23,8,7,0,0,0,-28,0,0,0
,Provider-136,50,0,0,0,0,0,0,0,0,0,0,0,0,0,0,272,0,0,0,0,0
,Provider-13,67,67,202,4,0,65,97,8,52,26,43,6,12,2,1,0,0,-26,0,0,0
,Provider-14,86,0,0,0,0,0,0,0,0,0,0,0,0,0,0,195,0,0,2,0,0
,Provider-153,107,106,140,68,3,4,131,0,66,93,102,61,10,0,0,0,0,27,0,0,0
,Provider-15,328,327,227,19,0,60,73,8,44,33,30,26,14,0,0,0,0,-11,1,2,1
,Provider-16,15,0,0,0,0,0,0,0,0,0,0,0,0,2,0,42,0,0,0,0,0
,Provider-115,407,0,0,0,0,0,0,0,0,0,0,0,1,0,0,408,0,0,0,0,0
,Provider-116,30,30,136,20,3,14,103,13,35,34,71,25,9,0,0,0,6,-1,0,0,0
,Provider-154,72,0,0,0,0,0,0,0,0,0,0,0,8,5,0,72,0,0,2,2,2
,Provider-141,71,0,0,0,0,0,0,0,0,0,0,0,36,0,0,152,0,0,0,0,0
,Provider-17,53,54,151,26,0,10,38,4,19,28,20,34,4,0,0,0,22,9,0,2,1
,Provider-18,68,69,303,14,0,18,65,16,34,37,32,7,3,36,3,0,9,3,1,0,2
,Provider-122,83,85,116,59,0,71,231,14,110,96,145,66,2,3,0,0,6,-14,0,0,0
,Provider-19,19,13,264,25,2,20,67,11,35,40,41,55,9,2,0,0,11,5,0,0,0
,Provider-167,1,0,0,0,0,0,0,0,0,0,0,0,0,0,0,1,0,0,1,0,0
,Provider-130,9,0,0,0,0,0,0,0,0,0,0,0,0,0,0,44,0,0,0,0,0
,Provider-155,52,50,272,24,0,10,131,8,57,34,76,28,3,1,1,0,9,-23,0,0,0
,Provider-123,30,0,0,0,0,0,0,0,0,0,0,0,0,0,0,105,0,0,0,0,0
,Provider-171,2,3,4,0,0,4,3,0,2,0,1,0,1,0,0,0,0,-2,0,0,0
,Provider-20,35,28,180,26,0,35,85,11,41,36,39,47,9,3,1,0,14,-5,0,0,0
,Provider-21,0,5,6131,0,0,70,42,68,19,71,33,38,115,14,0,0,0,52,0,5,0
,Provider-22,23,20,411,0,0,70,51,7,21,14,25,11,5,0,0,0,2,-7,1,0,0
,Provider-142,89,0,0,0,0,0,0,0,0,0,0,0,0,0,0,177,0,0,1,0,0
,Provider-24,19,15,141,23,1,24,120,0,63,37,72,21,21,0,1,0,1,-26,0,0,0
,Provider-25,85,85,94,13,0,51,39,4,11,37,22,11,4,27,0,0,0,26,0,0,0
,Provider-163,39,0,0,0,0,0,0,0,0,0,0,0,0,0,0,255,0,0,0,0,0
,Provider-26,64,48,224,17,0,52,85,14,49,41,41,16,38,15,2,0,1,-8,0,0,0
,Provider-131,93,94,128,9,0,51,38,7,29,19,12,14,3,1,0,0,0,-10,1,0,0
,Provider-156,38,39,142,3,0,14,29,0,18,1,14,12,1,3,0,0,6,-17,0,0,0
,Provider-108,16,14,122,0,0,7,24,5,19,11,8,1,8,0,0,0,1,-8,0,0,0
,Provider-28,28,0,0,0,0,0,0,0,0,0,0,0,0,0,0,291,0,0,0,0,0
,Provider-102,86,0,0,0,0,0,0,0,0,0,0,0,0,0,0,237,0,0,1,0,0
,Provider-172,14,13,24,2,0,8,22,5,11,14,9,1,4,4,0,0,1,3,0,0,0
,Provider-30,84,0,0,0,0,0,0,0,0,0,0,0,0,0,0,319,0,0,0,0,0
,Provider-31,78,76,219,13,0,40,62,3,24,27,39,22,3,1,0,0,7,3,0,0,0
,Provider-32,0,0,0,0,0,0,0,0,0,0,0,0,0,0,0,97,0,0,0,0,0
,Provider-33,35,35,34,0,0,0,2,1,1,0,1,0,0,0,0,0,0,-1,0,0,0
,Provider-124,43,0,0,0,0,0,0,0,0,0,0,0,0,0,0,194,0,0,0,0,0
,Provider-109,53,52,273,27,1,61,93,6,61,47,52,44,10,0,0,0,7,-14,0,0,0
,Provider-132,32,30,143,29,0,5,28,9,13,24,14,26,2,0,0,0,2,11,0,0,0
,Provider-35,79,80,175,10,0,29,98,30,62,24,49,25,6,4,0,0,9,-38,1,0,0
,Provider-168,17,0,0,0,0,0,0,0,0,0,0,0,0,0,0,53,0,0,0,0,0
,Provider-36,0,0,0,0,0,0,0,0,0,0,0,0,0,0,0,366,0,0,0,0,0
,Provider-37,35,0,0,0,0,0,0,0,0,0,0,0,0,0,0,310,0,0,0,0,0
,Provider-157,247,0,0,0,0,0,0,0,0,0,0,0,1,0,0,250,0,0,0,0,0
,Provider-39,44,45,319,31,3,50,71,27,44,51,39,41,27,7,1,0,0,7,1,0,1
,Provider-125,183,178,0,0,0,0,0,0,20,6,19,11,0,0,0,0,0,-14,0,0,0
,Provider-110,25,0,0,0,0,0,0,0,0,0,0,0,0,0,0,227,0,0,0,0,0
,Provider-41,40,40,223,26,2,35,35,2,14,41,18,13,4,4,0,0,0,27,4,0,0
,Provider-169,24,21,78,3,0,16,44,2,28,11,20,10,3,3,1,0,11,-17,0,0,0
,Provider-43,69,70,169,19,0,76,127,12,58,66,67,35,19,10,0,0,9,8,0,0,1
,Provider-170,14,14,0,0,0,3,11,0,10,1,4,0,0,0,0,0,0,-9,0,0,0
,Provider-104,43,0,0,0,0,0,0,0,0,0,0,0,0,0,0,266,0,0,1,0,0
,Provider-117,20,0,0,0,0,0,0,0,0,0,0,0,0,0,0,135,0,0,0,0,0
,Provider-173,43,0,0,0,0,0,0,0,0,0,0,0,0,0,0,57,0,0,0,0,0
,Provider-44,4,0,0,0,0,0,0,0,0,0,0,0,0,0,0,48,0,0,0,0,0
,Provider-45,151,147,404,16,0,39,101,7,91,48,38,14,4,3,1,0,0,-43,0,0,4
,Provider-46,31,0,0,0,0,0,0,0,0,0,0,0,0,1,0,155,0,0,0,0,0
,Provider-47,47,44,277,8,0,15,41,7,18,29,26,8,33,2,0,0,1,11,0,0,3
,Provider-52,140,151,375,21,0,151,68,8,59,66,19,9,22,34,0,0,0,7,0,0,2
,Provider-53,36,35,168,20,0,6,67,9,29,30,38,20,10,4,0,0,10,1,0,0,0
,Provider-144,85,79,173,9,0,124,144,17,76,33,77,15,12,37,0,0,3,-43,0,0,0
,Provider-54,135,133,200,32,4,38,106,6,59,49,44,51,25,0,0,0,4,-10,0,0,0
,Provider-174,2,1,14,1,0,5,3,0,1,3,2,0,1,1,0,0,0,2,0,0,0
,Provider-111,0,0,0,0,0,0,0,0,0,0,0,0,0,0,0,71,0,0,0,0,0
,Provider-175,0,0,0,0,0,0,0,0,0,0,0,0,0,0,0,1,0,0,0,0,0
,Provider-55,256,15,0,0,0,0,0,0,60,41,50,9,0,0,0,0,0,-19,0,0,0
,Provider-56,367,367,357,40,1,2,57,17,36,70,30,28,1,7,0,0,0,34,1,0,0
,Provider-57,3,0,0,0,0,0,0,0,0,0,0,0,0,0,0,199,0,0,0,0,0
,Provider-145,43,41,200,0,0,34,37,2,33,24,6,0,10,11,0,0,0,-9,0,0,0
,Provider-146,84,77,275,52,0,19,85,7,65,42,47,57,39,3,0,0,8,-23,0,0,3
,Provider-164,31,24,130,20,0,30,108,9,63,54,43,28,5,10,0,0,5,-9,0,1,1
,Provider-126,57,55,156,46,0,80,101,11,45,66,61,41,2,0,0,0,0,21,0,0,4
,Provider-59,41,42,185,13,0,32,52,10,33,30,21,26,10,8,0,0,0,-3,0,0,0
,Provider-60,234,0,0,0,0,0,0,0,0,0,0,0,3,0,0,235,0,0,0,0,0
,Provider-176,1,0,0,0,0,0,0,0,0,0,0,0,0,0,0,1,0,0,0,0,0
,Provider-61,96,93,273,21,0,93,69,24,40,41,32,22,14,25,0,0,1,1,0,0,0
,Provider-62,6,5,94,141,0,10,84,21,32,82,75,122,12,0,0,0,15,50,0,0,0
,Provider-63,39,38,97,0,1,27,118,0,92,41,30,11,0,4,0,0,0,-51,0,0,0
,Provider-137,40,36,249,2,1,45,46,17,21,12,28,2,12,1,0,0,0,-9,0,0,0
,Provider-65,31,27,162,47,0,13,53,5,30,29,32,43,12,7,0,0,0,-1,0,0,1
,Provider-66,17,0,0,0,0,0,0,0,0,0,0,0,0,0,0,256,0,0,0,0,0
,Provider-127,33,24,199,9,0,14,83,5,41,15,52,5,18,0,0,0,0,-26,0,0,0
,Provider-158,4,4,51,10,0,15,22,3,18,16,6,13,0,3,0,0,5,-2,0,0,0
,Provider-67,60,56,141,18,0,71,70,13,29,39,35,26,5,36,0,0,0,10,1,0,0
,Provider-147,98,0,0,0,0,0,0,0,0,0,0,0,0,0,0,242,0,0,0,0,0
,Provider-69,64,63,282,19,0,15,70,7,35,31,38,13,4,5,0,0,0,-4,0,0,1
,Provider-112,107,107,124,5,0,78,101,36,74,41,25,20,14,204,0,0,0,-33,0,0,13
,Provider-71,56,54,262,12,1,68,63,5,28,35,33,12,9,1,0,0,0,7,1,0,0
,Provider-72,58,56,199,49,0,13,94,21,61,47,65,46,10,0,1,0,6,-14,0,0,1
,Provider-74,47,46,249,11,0,15,56,7,29,21,34,22,2,8,0,0,0,-8,1,1,0
,Provider-75,16,0,0,0,0,0,0,0,0,0,0,0,0,0,0,129,0,0,0,0,0
,Provider-76,81,79,225,10,0,16,63,5,51,31,27,9,5,6,2,0,3,-20,1,0,0
,Provider-159,29,28,107,8,0,11,62,5,35,21,30,15,1,1,0,0,9,-14,0,0,0
,Provider-128,8,0,0,0,0,0,0,0,0,0,0,0,0,0,0,282,0,0,0,0,0
,Provider-118,47,46,77,13,0,131,68,3,42,19,39,7,18,3,0,0,5,-23,0,0,0
,Provider-77,60,47,236,35,3,173,139,11,81,45,84,48,39,27,1,0,18,-36,1,0,2
,Provider-177,1,1,0,0,0,0,0,0,0,0,0,0,0,0,0,0,0,0,0,0,0
,Provider-78,72,72,183,40,0,54,69,22,45,41,54,45,21,5,0,0,0,-4,0,0,1
,Provider-79,68,68,255,40,5,60,107,40,70,70,72,36,27,1,1,0,6,0,0,0,1
,Provider-160,5,0,0,0,0,0,0,0,0,0,0,0,0,0,0,29,0,0,0,0,0
,Provider-129,37,35,161,36,0,175,77,11,22,56,60,37,19,0,0,0,4,34,0,0,1
,Provider-178,5,5,0,0,0,0,1,0,0,1,1,0,0,0,0,0,0,1,0,0,0
,Provider-81,197,0,0,0,0,0,0,0,0,0,0,0,27,48,0,199,0,0,1,1,1
,Provider-119,61,60,291,5,1,1,26,1,22,8,4,2,1,0,0,0,20,-14,0,0,0
,Provider-166,72,0,0,0,0,0,0,0,0,0,0,0,0,0,0,259,0,0,0,0,0
,Provider-83,26,0,0,0,0,0,0,0,0,0,0,0,0,0,0,236,0,0,0,0,0
,Provider-84,138,45,177,26,0,30,97,12,39,30,73,26,20,1,0,0,4,-9,0,0,3
,Provider-106,66,64,335,29,0,34,90,15,52,40,52,21,27,27,2,0,64,-12,0,0,0
,Provider-85,49,0,0,0,0,0,0,0,0,0,0,0,0,0,0,222,0,0,0,0,0
,Provider-121,23,0,0,0,0,0,0,0,0,0,0,0,0,0,0,267,0,0,0,0,0
,Provider-86,17,0,0,0,0,0,0,0,0,0,0,0,0,0,0,228,0,0,0,0,0
,Provider-87,249,222,61,7,6,209,77,33,45,79,54,8,22,214,7,0,12,34,4,6,1
,Provider-88,181,0,0,0,0,0,0,0,0,0,0,0,0,0,0,211,0,0,0,0,0
,Provider-139,8,0,0,0,0,0,0,0,0,0,0,0,0,0,0,103,0,0,0,0,0
,Provider-89,15,14,54,18,0,5,29,6,16,19,14,21,8,2,0,0,0,3,0,0,0
,Provider-148,47,44,163,28,1,7,133,12,100,48,72,23,8,40,3,0,7,-52,0,2,0
,Provider-90,17,17,82,6,0,1,17,3,11,10,6,9,1,0,1,0,0,-1,0,1,0
,Provider-161,46,46,104,21,0,19,39,9,27,21,21,25,5,3,1,0,2,-6,0,3,1
,Provider-92,64,56,208,10,1,44,73,7,54,16,41,6,16,58,2,0,6,-38,1,2,1
,Provider-93,54,56,142,56,0,63,52,4,33,45,25,48,3,0,0,0,16,12,0,0,0
,Provider-94,83,82,240,45,1,24,72,6,33,61,32,53,10,32,1,0,1,28,0,0,0
,Provider-95,36,36,254,16,0,23,88,31,41,39,44,15,11,8,0,0,4,-2,1,0,3
,Provider-179,11,0,0,0,0,0,0,0,0,0,0,0,0,1,0,11,0,0,0,0,0
,Provider-96,40,39,184,17,0,16,87,0,49,22,47,29,2,0,0,0,17,-27,0,0,0
,Provider-97,50,0,0,0,0,0,0,0,0,0,0,0,0,0,0,277,0,0,0,0,0
,Provider-149,45,44,172,45,0,5,60,11,38,39,27,37,32,0,0,0,8,1,0,0,0
,Provider-150,15,0,0,0,0,0,0,0,0,0,0,0,0,0,0,189,0,0,0,0,0
,Provider-99,124,122,258,24,0,42,122,32,44,92,69,40,21,10,0,0,2,48,0,0,1
,Provider-100,8608,5182,21270,1758,45,3307,5968,911,3477,3109,3262,2025,1113,1113,34,9814,429,-368,34,29,58
